Week,Region,Sales_NB,Sales_SB,Price_NB,Price_SB,logSales_NB,logSales_SB,logPrice_NB,logPrice_SB
1,A,2151,824,6.37,4.99,7.673688129,6.71417053,1.85159947,1.60743591
2,A,2062,1022,6.38,4.8,7.631431665,6.929516771,1.853168097,1.568615918
3,A,2092,819,6.33,4.68,7.645875825,6.708084084,1.845300236,1.54329811
4,A,1662,2300,6.35,3.07,7.415776975,7.740664402,1.848454813,1.121677562
5,A,2037,1016,6.36,4.8,7.619233416,6.923628628,1.850028377,1.568615918
6,A,2204,845,6.38,4.85,7.69802917,6.739336627,1.853168097,1.578978705
7,A,1597,740,6.32,5.03,7.375882148,6.606650186,1.843719208,1.615419984
8,A,2068,589,6.36,5.05,7.634337236,6.378426184,1.850028377,1.619388243
9,A,1750,617,6.34,5.04,7.467371067,6.424869024,1.846878768,1.617406082
10,A,2701,661,6.01,5.05,7.901377354,6.49375384,1.793424749,1.619388243
11,A,2034,893,6.36,5.05,7.617759577,6.794586581,1.850028377,1.619388243
12,A,2100,661,6.37,5.07,7.649692624,6.49375384,1.85159947,1.623340818
13,A,1977,613,6.37,5.05,7.589335823,6.418364936,1.85159947,1.619388243
14,A,2075,901,6.37,5.06,7.637716433,6.803505258,1.85159947,1.621366483
15,A,2130,887,6.37,5.05,7.663877259,6.787844982,1.85159947,1.619388243
16,A,1885,794,6.35,5.01,7.5416831,6.677083461,1.848454813,1.611435915
17,A,1818,816,6.35,5.03,7.505492275,6.704414355,1.848454813,1.615419984
18,A,2238,717,6.34,5.05,7.713337889,6.575075841,1.846878768,1.619388243
19,A,2331,522,6.27,5.07,7.754052639,6.257667588,1.835776355,1.623340818
20,A,2126,593,6.27,5.09,7.661997559,6.385194399,1.835776355,1.627277831
21,A,1984,799,6.19,5.07,7.592870288,6.683360946,1.822935087,1.623340818
22,A,4238,620,5.06,5.05,8.351846739,6.429719478,1.621366483,1.619388243
23,A,2423,1065,6.23,4.8,7.792761721,6.970730078,1.829376333,1.568615918
24,A,2300,1033,6.25,5.08,7.740664402,6.940222469,1.832581464,1.625311262
25,A,1872,685,6.27,5.1,7.534762657,6.529418838,1.835776355,1.62924054
26,A,1941,810,6.28,5.07,7.570958583,6.697034248,1.83736998,1.623340818
27,A,1783,704,6.27,5.06,7.486052618,6.556778356,1.835776355,1.621366483
28,A,2469,701,6.18,5.09,7.811568489,6.552507887,1.821318271,1.627277831
29,A,4069,520,5.06,5.08,8.311152548,6.253828812,1.621366483,1.625311262
30,A,2204,697,6.24,5.08,7.69802917,6.546785411,1.830980182,1.625311262
31,A,2559,673,6.26,5.08,7.847371836,6.51174533,1.834180185,1.625311262
32,A,1831,616,6.26,5.07,7.512617545,6.423246964,1.834180185,1.623340818
33,A,2303,478,5.89,5.07,7.7419679,6.169610732,1.773255998,1.623340818
34,A,2358,694,6.26,5.09,7.765569081,6.542471961,1.834180185,1.627277831
35,A,1682,613,6.44,5.14,7.427738841,6.418364936,1.86252854,1.637053079
36,A,2166,720,6.6,5.22,7.680637428,6.579251212,1.887069649,1.652497402
37,A,3181,837,5.07,5.1,8.064950892,6.72982407,1.623340818,1.62924054
38,A,2052,1260,6.66,4.06,7.626570206,7.138867,1.896119485,1.401182974
39,A,1446,668,6.69,5.21,7.276556403,6.504288174,1.900613874,1.650579856
40,A,1650,712,6.67,5.22,7.408530567,6.568077911,1.89761986,1.652497402
41,A,1937,593,6.58,5.22,7.568895663,6.385194399,1.884034745,1.652497402
42,A,4489,530,5.08,5.22,8.409385239,6.272877007,1.625311262,1.652497402
43,A,2015,971,6.66,5.22,7.608374474,6.878326468,1.896119485,1.652497402
44,A,1733,615,6.7,5.14,7.45760929,6.421622268,1.902107526,1.637053079
45,A,2344,723,6.71,5.21,7.759614151,6.583409222,1.903598951,1.650579856
46,A,1547,931,6.68,5.21,7.344072851,6.836259277,1.899117988,1.650579856
47,A,1977,844,6.61,5.22,7.589335823,6.738152495,1.888583654,1.652497402
48,A,3787,575,5.1,5.19,8.239329428,6.354370041,1.62924054,1.646733697
49,A,2045,930,6.71,5.21,7.623153068,6.835184586,1.903598951,1.650579856
50,A,1869,928,6.7,5.22,7.533158807,6.833031733,1.902107526,1.652497402
51,A,2024,971,6.68,5.21,7.61283103,6.878326468,1.899117988,1.650579856
52,A,2245,774,6.67,5.22,7.7164608,6.651571874,1.89761986,1.652497402
53,A,2316,902,6.05,5.21,7.747596839,6.80461452,1.800058272,1.650579856
54,A,1779,1005,6.71,5.02,7.483806688,6.91274282,1.903598951,1.613429934
55,A,1752,1005,6.57,5.2,7.468513271,6.91274282,1.882513832,1.648658626
56,A,2697,515,6.04,5.22,7.899895323,6.244166901,1.798404012,1.652497402
57,A,2271,666,6.7,5.23,7.727975542,6.501289671,1.902107526,1.654411278
58,A,2288,761,6.69,5.04,7.735433352,6.634633358,1.900613874,1.617406082
59,A,2099,654,6.68,4.5,7.64921632,6.483107351,1.899117988,1.504077397
60,A,1644,1187,6.68,4.53,7.404887576,7.079184395,1.899117988,1.510721939
61,A,2068,932,6.66,5.21,7.634337236,6.837332815,1.896119485,1.650579856
62,A,2791,543,6.04,5.2,7.934155234,6.29710932,1.798404012,1.648658626
63,A,1635,905,6.69,5.2,7.399398083,6.807934944,1.900613874,1.648658626
64,A,1893,799,6.7,5.2,7.545918151,6.683360946,1.902107526,1.648658626
65,A,2032,516,6.7,5.21,7.616775809,6.246106765,1.902107526,1.650579856
66,A,1513,965,6.7,5.22,7.321849714,6.872128101,1.902107526,1.652497402
67,A,2166,449,6.66,5.22,7.680637428,6.107022888,1.896119485,1.652497402
68,A,2780,414,6.05,5.21,7.930206207,6.025865974,1.800058272,1.650579856
69,A,1847,717,6.72,5.19,7.52131798,6.575075841,1.905088155,1.646733697
70,A,1931,855,6.62,5.19,7.565793282,6.751101469,1.89009537,1.646733697
71,A,4133,603,5.09,5.01,8.326758815,6.401917197,1.627277831,1.611435915
72,A,2047,578,6.73,5.23,7.624130586,6.359573869,1.906575144,1.654411278
73,A,1583,734,6.6,5.24,7.36707706,6.598509029,1.887069649,1.656321498
74,A,4325,448,5.07,5.25,8.372167419,6.104793232,1.623340818,1.658228077
75,A,1744,660,6.72,5.23,7.463936604,6.492239835,1.905088155,1.654411278
76,A,1697,1125,6.74,5.2,7.436617265,7.025538315,1.908059925,1.648658626
77,A,2035,930,6.75,5.18,7.618251098,6.835184586,1.909542505,1.644805056
78,A,1695,640,6.73,5.24,7.43543802,6.461468176,1.906575144,1.656321498
79,A,1658,654,6.75,5.25,7.413367336,6.483107351,1.909542505,1.658228077
80,A,1685,680,6.69,5.25,7.429520843,6.522092798,1.900613874,1.658228077
81,A,2614,482,6.05,5.25,7.868636894,6.177944114,1.800058272,1.658228077
82,A,1777,874,6.74,5.23,7.482681828,6.773080376,1.908059925,1.654411278
83,A,1782,752,6.75,5.19,7.485491608,6.622736324,1.909542505,1.646733697
84,A,1796,488,6.76,5.2,7.493317249,6.190315406,1.91102289,1.648658626
85,A,1283,700,6.81,5.26,7.156956365,6.551080335,1.91839212,1.660131027
86,A,1382,666,6.91,5.24,7.231287004,6.501289671,1.932969638,1.656321498
87,A,2009,732,6.89,5.25,7.605392365,6.595780514,1.930071085,1.658228077
88,A,1555,566,6.9,5.26,7.349230825,6.338594078,1.931521412,1.660131027
89,A,1408,792,6.91,5.26,7.249925537,6.674561392,1.932969638,1.660131027
90,A,1344,577,6.91,5.25,7.203405521,6.357842267,1.932969638,1.658228077
91,A,1497,617,6.91,5.26,7.311218384,6.424869024,1.932969638,1.660131027
92,A,1464,635,6.91,5.26,7.288927695,6.453624999,1.932969638,1.660131027
93,A,1592,771,6.91,5.26,7.372746366,6.647688374,1.932969638,1.660131027
94,A,1510,920,6.91,5.26,7.31986493,6.82437367,1.932969638,1.660131027
95,A,1492,752,6.83,5.21,7.307872781,6.622736324,1.921324674,1.650579856
96,A,2105,621,6.07,5.21,7.652070746,6.431331082,1.803358605,1.650579856
97,A,1654,490,6.9,5.26,7.410951876,6.194405391,1.931521412,1.660131027
98,A,1648,764,6.89,5.27,7.40731771,6.638567789,1.930071085,1.662030363
99,A,1744,602,6.91,5.26,7.463936604,6.400257445,1.932969638,1.660131027
100,A,1793,674,6.9,5.26,7.491645474,6.513230111,1.931521412,1.660131027
101,A,1936,927,6.91,5.25,7.568379268,6.831953566,1.932969638,1.658228077
102,A,1455,855,6.84,5.26,7.28276118,6.751101469,1.922787732,1.660131027
103,A,3254,584,5.58,5.01,8.087640288,6.369900983,1.719188776,1.611435915
104,A,1457,705,6.87,5.23,7.284134806,6.558197803,1.927164106,1.654411278
1,B,644,263,6.48,4.99,6.467698726,5.572154032,1.86872051,1.60743591
2,B,707,197,6.48,4.89,6.561030666,5.283203729,1.86872051,1.587192303
3,B,776,370,6.46,4.59,6.65415252,5.913503006,1.865629318,1.523880024
4,B,637,613,6.43,3.06,6.456769656,6.418364936,1.860974538,1.118414916
5,B,640,314,6.48,4.87,6.461468176,5.749392986,1.86872051,1.583093937
6,B,676,340,6.48,4.98,6.516193076,5.828945618,1.86872051,1.605429891
7,B,737,198,6.46,4.99,6.602587892,5.288267031,1.865629318,1.60743591
8,B,810,205,6.48,4.99,6.697034248,5.323009979,1.86872051,1.60743591
9,B,652,278,6.41,5,6.480044562,5.627621114,1.857859271,1.609437912
10,B,901,127,6.03,4.99,6.803505258,4.844187086,1.796747011,1.60743591
11,B,816,209,6.47,4.99,6.704414355,5.342334252,1.867176109,1.60743591
12,B,760,309,6.47,4.98,6.633318433,5.733341277,1.867176109,1.605429891
13,B,729,282,6.46,4.98,6.591673732,5.641907071,1.865629318,1.605429891
14,B,681,309,6.48,4.98,6.523562306,5.733341277,1.86872051,1.605429891
15,B,785,279,6.48,4.99,6.665683718,5.631211782,1.86872051,1.60743591
16,B,664,223,6.45,4.97,6.498282149,5.407171771,1.864080131,1.60341984
17,B,832,198,6.48,4.96,6.723832441,5.288267031,1.86872051,1.601405741
18,B,738,290,6.46,5.09,6.603943825,5.669880923,1.865629318,1.627277831
19,B,656,240,6.68,5.18,6.486160789,5.480638923,1.899117988,1.644805056
20,B,625,327,6.67,5.16,6.43775165,5.789960171,1.89761986,1.640936579
21,B,628,239,6.5,5.18,6.442540166,5.476463552,1.871802177,1.644805056
22,B,1624,207,5.07,5.16,7.392647521,5.332718793,1.623340818,1.640936579
23,B,587,315,6.67,5.02,6.37502482,5.752572639,1.89761986,1.613429934
24,B,572,200,6.68,5.17,6.349138991,5.298317367,1.899117988,1.642872689
25,B,831,303,6.68,5.17,6.722629795,5.713732806,1.899117988,1.642872689
26,B,621,271,6.68,5.17,6.431331082,5.602118821,1.899117988,1.642872689
27,B,660,218,6.68,5.16,6.492239835,5.384495063,1.899117988,1.640936579
28,B,679,251,6.42,5.18,6.520621128,5.525452939,1.859418118,1.644805056
29,B,1483,136,5.08,5.09,7.301822342,4.912654886,1.625311262,1.627277831
30,B,724,213,6.63,5.16,6.584791392,5.361292166,1.891604804,1.640936579
31,B,583,242,6.68,5.17,6.368187186,5.488937726,1.899117988,1.642872689
32,B,631,188,6.68,5.16,6.447305863,5.236441963,1.899117988,1.640936579
33,B,652,194,6.42,5.16,6.480044562,5.267858159,1.859418118,1.640936579
34,B,606,218,6.67,5.17,6.406879986,5.384495063,1.89761986,1.642872689
35,B,615,434,6.73,5.23,6.421622268,6.073044534,1.906575144,1.654411278
36,B,672,230,6.63,5.33,6.510258341,5.438079309,1.891604804,1.673351238
37,B,1437,239,5.09,5.11,7.270312886,5.476463552,1.627277831,1.631199404
38,B,526,353,6.81,4.05,6.265301213,5.866468057,1.91839212,1.398716881
39,B,678,231,6.83,5.31,6.519147288,5.442417711,1.921324674,1.669591835
40,B,724,310,6.82,5.29,6.584791392,5.736572297,1.919859472,1.665818246
41,B,719,190,6.61,5.32,6.577861358,5.247024072,1.888583654,1.671473303
42,B,1619,172,5.08,5.33,7.389563954,5.147494477,1.625311262,1.673351238
43,B,641,151,6.79,5.32,6.463029457,5.017279837,1.915450942,1.671473303
44,B,629,161,6.82,5.31,6.444131257,5.081404365,1.919859472,1.669591835
45,B,714,257,6.82,5.32,6.570882962,5.549076085,1.919859472,1.671473303
46,B,612,194,6.82,5.34,6.416732283,5.267858159,1.919859472,1.675225653
47,B,697,196,6.6,5.34,6.546785411,5.278114659,1.887069649,1.675225653
48,B,1620,199,5.09,5.33,7.390181428,5.293304825,1.627277831,1.673351238
49,B,673,236,6.8,5.33,6.51174533,5.463831805,1.916922612,1.673351238
50,B,672,240,6.82,5.33,6.510258341,5.480638923,1.919859472,1.673351238
51,B,695,181,6.79,5.33,6.543911846,5.198497031,1.915450942,1.673351238
52,B,560,243,6.75,5.34,6.327936784,5.493061443,1.909542505,1.675225653
53,B,890,227,6.06,5.33,6.791221463,5.424950017,1.8017098,1.673351238
54,B,655,284,6.81,5.18,6.484635236,5.648974238,1.91839212,1.644805056
55,B,648,225,6.59,5.32,6.473890696,5.416100402,1.885553349,1.671473303
56,B,982,266,6.05,5.33,6.889591308,5.583496309,1.800058272,1.673351238
57,B,603,220,6.81,5.33,6.401917197,5.393627546,1.91839212,1.673351238
58,B,621,220,6.8,5.24,6.431331082,5.393627546,1.916922612,1.656321498
59,B,551,231,6.81,4.72,6.311734809,5.442417711,1.91839212,1.5518088
60,B,678,350,6.83,4.7,6.519147288,5.857933154,1.921324674,1.547562509
61,B,521,207,6.77,5.32,6.255750042,5.332718793,1.912501087,1.671473303
62,B,894,168,6.05,5.33,6.795705775,5.123963979,1.800058272,1.673351238
63,B,534,310,6.82,5.32,6.280395839,5.736572297,1.919859472,1.671473303
64,B,457,260,6.82,5.34,6.124683391,5.560681631,1.919859472,1.675225653
65,B,610,202,6.83,5.33,6.413458957,5.308267697,1.921324674,1.673351238
66,B,728,225,6.82,5.34,6.590301048,5.416100402,1.919859472,1.675225653
67,B,618,194,6.75,5.34,6.426488457,5.267858159,1.909542505,1.675225653
68,B,840,177,6.05,5.33,6.733401892,5.176149733,1.800058272,1.673351238
69,B,634,153,6.81,5.33,6.452048954,5.030437921,1.91839212,1.673351238
70,B,608,227,6.6,5.28,6.410174882,5.424950017,1.887069649,1.663926098
71,B,1274,272,5.1,5.29,7.149916836,5.605802066,1.62924054,1.665818246
72,B,719,190,6.82,5.32,6.577861358,5.247024072,1.919859472,1.671473303
73,B,685,286,6.58,5.35,6.529418838,5.655991811,1.884034745,1.677096561
74,B,1210,150,5.08,5.34,7.098375639,5.010635294,1.625311262,1.675225653
75,B,639,253,6.81,5.33,6.459904454,5.533389489,1.91839212,1.673351238
76,B,783,199,6.84,5.32,6.663132696,5.293304825,1.922787732,1.671473303
77,B,531,241,6.83,5.33,6.274762021,5.484796933,1.921324674,1.673351238
78,B,581,217,6.83,5.35,6.364750757,5.379897354,1.921324674,1.677096561
79,B,495,252,6.84,5.33,6.204557763,5.529429088,1.922787732,1.673351238
80,B,705,155,6.75,5.35,6.558197803,5.043425117,1.909542505,1.677096561
81,B,808,172,6.06,5.35,6.694562059,5.147494477,1.8017098,1.677096561
82,B,700,215,6.82,5.34,6.551080335,5.370638028,1.919859472,1.675225653
83,B,643,207,6.85,5.3,6.466144724,5.332718793,1.924248652,1.667706821
84,B,663,158,6.84,5.33,6.49677499,5.062595033,1.922787732,1.673351238
85,B,529,329,6.9,5.35,6.270988432,5.796057751,1.931521412,1.677096561
86,B,610,317,7,5.31,6.413458957,5.758901774,1.945910149,1.669591835
87,B,627,186,7.01,5.31,6.440946541,5.225746674,1.947337701,1.669591835
88,B,520,341,7,5.35,6.253828812,5.831882477,1.945910149,1.677096561
89,B,558,289,7.02,5.34,6.324358962,5.666426688,1.948763218,1.675225653
90,B,555,184,7.01,5.34,6.318968114,5.214935758,1.947337701,1.675225653
91,B,628,267,7.01,5.32,6.442540166,5.587248658,1.947337701,1.671473303
92,B,641,301,7,5.32,6.463029457,5.707110265,1.945910149,1.671473303
93,B,626,200,7,5.34,6.439350371,5.298317367,1.945910149,1.675225653
94,B,628,338,7.01,5.34,6.442540166,5.823045895,1.947337701,1.675225653
95,B,612,214,6.92,5.28,6.416732283,5.365976015,1.93441577,1.663926098
96,B,951,279,6.08,5.24,6.857514063,5.631211782,1.805004696,1.656321498
97,B,485,236,7,5.34,6.184148891,5.463831805,1.945910149,1.675225653
98,B,562,205,7,5.34,6.33150185,5.323009979,1.945910149,1.675225653
99,B,502,285,7,5.34,6.21860012,5.65248918,1.945910149,1.675225653
100,B,574,294,7.02,5.35,6.352629396,5.683579767,1.948763218,1.677096561
101,B,530,194,7.02,5.32,6.272877007,5.267858159,1.948763218,1.671473303
102,B,664,239,6.83,5.31,6.498282149,5.476463552,1.921324674,1.669591835
103,B,1145,167,5.62,5.03,7.043159916,5.117993812,1.726331664,1.615419984
104,B,471,257,7.01,5.34,6.154858094,5.549076085,1.947337701,1.675225653
1,C,905,446,6.09,4.95,6.807934944,6.100318952,1.806648082,1.599387577
2,C,957,311,5.91,4.9,6.863803391,5.739792912,1.776645831,1.589235205
3,C,1091,339,6.11,4.63,6.994849986,5.826000107,1.809926773,1.532556868
4,C,741,1139,6.1,3.07,6.608000625,7.037905963,1.808288771,1.121677562
5,C,1021,396,6.11,4.77,6.928537818,5.981414211,1.809926773,1.562346305
6,C,1159,340,6.12,4.86,7.055312843,5.828945618,1.811562097,1.581038438
7,C,1146,416,6.08,4.86,7.044032897,6.03068526,1.805004696,1.581038438
8,C,1082,502,6.09,4.88,6.986566459,6.21860012,1.806648082,1.58514522
9,C,1215,451,6.11,4.88,7.102499356,6.11146734,1.809926773,1.58514522
10,C,1248,249,5.92,4.86,7.129297549,5.517452896,1.778336449,1.581038438
11,C,1017,364,6.1,4.86,6.924612396,5.897153868,1.808288771,1.581038438
12,C,919,354,6.12,4.88,6.823286122,5.869296913,1.811562097,1.58514522
13,C,1099,401,6.1,4.88,7.002155954,5.993961427,1.808288771,1.58514522
14,C,1039,404,6.11,4.88,6.946013991,6.001414878,1.809926773,1.58514522
15,C,953,417,6.1,4.89,6.859614904,6.033086222,1.808288771,1.587192303
16,C,1085,575,6.11,4.83,6.989335266,6.354370041,1.809926773,1.574846468
17,C,926,436,6.12,4.87,6.830874235,6.077642243,1.811562097,1.583093937
18,C,943,310,6.15,4.88,6.849066283,5.736572297,1.816452082,1.58514522
19,C,1078,426,6.19,4.89,6.982862751,6.054439346,1.822935087,1.587192303
20,C,1162,429,6.2,4.86,7.057897937,6.061456919,1.824549292,1.581038438
21,C,1017,453,6.14,4.89,6.924612396,6.115892125,1.814824742,1.587192303
22,C,1622,323,5.09,4.88,7.391415235,5.777652323,1.627277831,1.58514522
23,C,1108,460,6.17,4.68,7.010311867,6.131226489,1.819698838,1.54329811
24,C,800,368,6.2,4.87,6.684611728,5.908082938,1.824549292,1.583093937
25,C,1013,294,6.2,4.87,6.920671504,5.683579767,1.824549292,1.583093937
26,C,1121,339,6.21,4.89,7.021976423,5.826000107,1.826160896,1.587192303
27,C,983,341,6.22,4.89,6.89060912,5.831882477,1.827769907,1.587192303
28,C,1294,343,6.11,4.88,7.165493475,5.837730447,1.809926773,1.58514522
29,C,2162,320,5.07,4.86,7.678788998,5.768320996,1.623340818,1.581038438
30,C,1253,387,6.19,4.87,7.133295955,5.958424693,1.822935087,1.583093937
31,C,1260,328,6.21,4.86,7.138867,5.793013608,1.826160896,1.581038438
32,C,934,350,6.2,4.89,6.839476438,5.857933154,1.824549292,1.587192303
33,C,1193,368,5.93,4.88,7.084226422,5.908082938,1.780024213,1.58514522
34,C,1230,386,6.19,4.88,7.114769448,5.955837369,1.822935087,1.58514522
35,C,782,325,6.4,4.99,6.661854741,5.783825182,1.85629799,1.60743591
36,C,926,316,6.57,5.18,6.830874235,5.755742214,1.882513832,1.644805056
37,C,1713,235,5.08,5,7.446001498,5.459585514,1.625311262,1.609437912
38,C,607,656,6.63,4.05,6.408528791,6.486160789,1.891604804,1.398716881
39,C,871,346,6.67,5.15,6.769641977,5.846438775,1.89761986,1.638996715
40,C,920,373,6.7,5.18,6.82437367,5.92157842,1.902107526,1.644805056
41,C,799,366,6.56,5.18,6.683360946,5.902633333,1.880990603,1.644805056
42,C,1972,233,5.08,5.16,7.586803535,5.451038454,1.625311262,1.640936579
43,C,755,430,6.65,5.17,6.626717749,6.063785209,1.894616855,1.642872689
44,C,1016,431,6.68,5.14,6.923628628,6.06610809,1.899117988,1.637053079
45,C,834,324,6.7,5.18,6.726233402,5.780743516,1.902107526,1.644805056
46,C,789,325,6.69,5.18,6.670766321,5.783825182,1.900613874,1.644805056
47,C,904,326,6.57,5.19,6.80682936,5.786897381,1.882513832,1.646733697
48,C,2040,247,5.09,5.2,7.620705087,5.509388337,1.627277831,1.648658626
49,C,881,403,6.66,5.19,6.781057626,5.998936562,1.896119485,1.646733697
50,C,761,416,6.69,5.18,6.634633358,6.03068526,1.900613874,1.644805056
51,C,783,349,6.69,5.16,6.663132696,5.855071922,1.900613874,1.640936579
52,C,922,325,6.64,5.16,6.826545224,5.783825182,1.893111963,1.640936579
53,C,1400,305,6.05,5.19,7.244227516,5.720311777,1.800058272,1.646733697
54,C,916,340,6.67,5.13,6.820016365,5.828945618,1.89761986,1.635105659
55,C,919,352,6.58,5.19,6.823286122,5.863631176,1.884034745,1.646733697
56,C,1139,261,6.04,5.15,7.037905963,5.564520407,1.798404012,1.638996715
57,C,713,347,6.68,5.19,6.56948142,5.84932478,1.899117988,1.646733697
58,C,889,342,6.7,5.08,6.790097236,5.834810737,1.902107526,1.625311262
59,C,873,693,6.7,4.54,6.771935556,6.541029999,1.902107526,1.512927012
60,C,741,496,6.7,4.58,6.608000625,6.206575927,1.902107526,1.521698998
61,C,733,318,6.67,5.18,6.597145702,5.762051383,1.89761986,1.644805056
62,C,1012,329,6.04,5.19,6.91968385,5.796057751,1.798404012,1.646733697
63,C,842,379,6.68,5.19,6.735780014,5.937536205,1.899117988,1.646733697
64,C,750,372,6.68,5.19,6.620073207,5.918893854,1.899117988,1.646733697
65,C,892,379,6.7,5.19,6.793466133,5.937536205,1.902107526,1.646733697
66,C,859,324,6.7,5.2,6.755768922,5.780743516,1.902107526,1.648658626
67,C,745,328,6.65,5.19,6.613384218,5.793013608,1.894616855,1.646733697
68,C,1217,358,6.05,5.18,7.104144093,5.880532986,1.800058272,1.644805056
69,C,868,364,6.67,5.17,6.766191715,5.897153868,1.89761986,1.642872689
70,C,876,459,6.52,5.09,6.775366091,6.12905021,1.874874376,1.627277831
71,C,1604,395,5.09,4.45,7.380255788,5.978885765,1.627277831,1.492904096
72,C,821,322,6.62,5.15,6.710523109,5.774551546,1.89009537,1.638996715
73,C,860,339,6.49,5.16,6.756932389,5.826000107,1.870262531,1.640936579
74,C,1627,342,5.08,5.15,7.394493107,5.834810737,1.625311262,1.638996715
75,C,730,302,6.63,5.15,6.593044534,5.710427017,1.891604804,1.638996715
76,C,797,360,6.67,5.12,6.680854679,5.886104031,1.89761986,1.633154439
77,C,1014,351,6.66,5.11,6.921658184,5.860786223,1.896119485,1.631199404
78,C,1137,444,6.68,5.16,7.036148494,6.095824562,1.899117988,1.640936579
79,C,924,402,6.68,5.16,6.828712072,5.996452089,1.899117988,1.640936579
80,C,909,348,6.62,5.14,6.812345094,5.85220248,1.89009537,1.637053079
81,C,1191,266,6.04,5.16,7.082548569,5.583496309,1.798404012,1.640936579
82,C,933,387,6.65,5.13,6.838405201,5.958424693,1.894616855,1.635105659
83,C,766,456,6.67,5.09,6.64118217,6.12249281,1.89761986,1.627277831
84,C,814,391,6.68,5.13,6.701960366,5.96870756,1.899117988,1.635105659
85,C,726,374,6.73,5.23,6.587550015,5.924255797,1.906575144,1.654411278
86,C,772,380,6.88,5.33,6.64898455,5.940171253,1.928618652,1.673351238
87,C,858,352,6.88,5.35,6.754604099,5.863631176,1.928618652,1.677096561
88,C,637,367,6.89,5.37,6.456769656,5.905361848,1.930071085,1.680827909
89,C,711,454,6.89,5.36,6.56667243,6.118097198,1.930071085,1.678963975
90,C,812,343,6.86,5.35,6.69950034,5.837730447,1.925707442,1.677096561
91,C,694,335,6.88,5.35,6.542471961,5.814130532,1.928618652,1.677096561
92,C,709,400,6.89,5.37,6.563855527,5.991464547,1.930071085,1.680827909
93,C,871,333,6.89,5.37,6.769641977,5.80814249,1.930071085,1.680827909
94,C,768,353,6.89,5.38,6.643789733,5.866468057,1.930071085,1.682688374
95,C,780,332,6.71,5.36,6.65929392,5.805134969,1.903598951,1.678963975
96,C,950,332,6.1,5.31,6.856461985,5.805134969,1.808288771,1.669591835
97,C,868,389,6.87,5.37,6.766191715,5.963579344,1.927164106,1.680827909
98,C,811,350,6.84,5.36,6.698268054,5.857933154,1.922787732,1.678963975
99,C,1027,338,6.88,5.38,6.93439721,5.823045895,1.928618652,1.682688374
100,C,780,419,6.88,5.37,6.65929392,6.03787092,1.928618652,1.680827909
101,C,745,312,6.88,5.36,6.613384218,5.743003188,1.928618652,1.678963975
102,C,800,335,6.79,5.35,6.684611728,5.814130532,1.915450942,1.677096561
103,C,1466,302,5.59,5.02,7.290292882,5.710427017,1.720979287,1.613429934
104,C,790,375,6.87,5.35,6.672032945,5.926926026,1.927164106,1.677096561
1,D,492,310,6.29,4.96,6.198478716,5.736572297,1.838961071,1.601405741
2,D,517,276,6.31,4.86,6.248042875,5.620400866,1.842135677,1.581038438
3,D,505,281,6.32,4.53,6.224558429,5.638354669,1.843719208,1.510721939
4,D,441,1171,6.31,3.01,6.089044875,7.065613364,1.842135677,1.101940079
5,D,482,304,6.32,4.81,6.177944114,5.717027701,1.843719208,1.570697084
6,D,565,293,6.35,4.92,6.336825731,5.680172609,1.848454813,1.593308531
7,D,548,198,6.26,4.93,6.306275287,5.288267031,1.834180185,1.595338988
8,D,516,326,6.34,4.95,6.246106765,5.786897381,1.846878768,1.599387577
9,D,841,257,6.33,4.97,6.73459166,5.549076085,1.845300236,1.60341984
10,D,607,188,6.03,4.96,6.408528791,5.236441963,1.796747011,1.601405741
11,D,538,281,6.34,4.96,6.28785856,5.638354669,1.846878768,1.601405741
12,D,595,228,6.34,4.97,6.388561406,5.429345629,1.846878768,1.60341984
13,D,612,328,6.37,4.96,6.416732283,5.793013608,1.85159947,1.601405741
14,D,603,237,6.37,4.97,6.401917197,5.468060141,1.85159947,1.60341984
15,D,549,250,6.35,4.97,6.308098442,5.521460918,1.848454813,1.60341984
16,D,608,308,6.33,4.82,6.410174882,5.730099783,1.845300236,1.572773928
17,D,542,196,6.37,4.95,6.295266001,5.278114659,1.85159947,1.599387577
18,D,514,314,6.27,4.96,6.242223265,5.749392986,1.835776355,1.601405741
19,D,547,317,6.43,4.97,6.304448802,5.758901774,1.860974538,1.60341984
20,D,577,275,6.4,4.96,6.357842267,5.616771098,1.85629799,1.601405741
21,D,619,366,6.27,4.98,6.428105273,5.902633333,1.835776355,1.605429891
22,D,1122,149,5.07,4.95,7.022868086,5.003946306,1.623340818,1.599387577
23,D,772,282,6.36,4.74,6.64898455,5.641907071,1.850028377,1.556037136
24,D,697,215,6.4,4.95,6.546785411,5.370638028,1.85629799,1.599387577
25,D,631,322,6.39,4.95,6.447305863,5.774551546,1.854734268,1.599387577
26,D,587,183,6.44,4.93,6.37502482,5.209486153,1.86252854,1.595338988
27,D,564,278,6.39,4.96,6.335054251,5.627621114,1.854734268,1.601405741
28,D,554,186,6.23,4.97,6.317164687,5.225746674,1.829376333,1.60341984
29,D,1258,196,5.07,4.96,7.137278437,5.278114659,1.623340818,1.601405741
30,D,609,356,6.4,4.95,6.411818268,5.874930731,1.85629799,1.599387577
31,D,578,360,6.4,4.97,6.359573869,5.886104031,1.85629799,1.60341984
32,D,555,216,6.42,4.96,6.318968114,5.375278408,1.859418118,1.601405741
33,D,681,245,6.22,4.91,6.523562306,5.501258211,1.827769907,1.591273942
34,D,514,272,6.42,4.98,6.242223265,5.605802066,1.859418118,1.605429891
35,D,511,228,6.52,5.04,6.23636959,5.429345629,1.874874376,1.617406082
36,D,555,251,6.53,5.17,6.318968114,5.525452939,1.876406943,1.642872689
37,D,1397,186,5.08,4.94,7.242082359,5.225746674,1.625311262,1.597365331
38,D,492,562,6.66,4.05,6.198478716,6.33150185,1.896119485,1.398716881
39,D,417,241,6.69,5.14,6.033086222,5.484796933,1.900613874,1.637053079
40,D,507,195,6.68,5.18,6.228511004,5.272999559,1.899117988,1.644805056
41,D,585,294,6.49,5.16,6.371611847,5.683579767,1.870262531,1.640936579
42,D,1345,212,5.1,5.16,7.204149292,5.356586275,1.62924054,1.640936579
43,D,530,326,6.65,5.17,6.272877007,5.786897381,1.894616855,1.642872689
44,D,433,306,6.69,5.13,6.070737728,5.723585102,1.900613874,1.635105659
45,D,467,282,6.69,5.16,6.146329258,5.641907071,1.900613874,1.640936579
46,D,479,239,6.7,5.17,6.171700597,5.476463552,1.902107526,1.642872689
47,D,606,221,6.42,5.15,6.406879986,5.398162702,1.859418118,1.638996715
48,D,1333,289,5.1,5.17,7.19518732,5.666426688,1.62924054,1.642872689
49,D,469,210,6.67,5.16,6.150602768,5.347107531,1.89761986,1.640936579
50,D,395,226,6.69,5.17,5.978885765,5.420534999,1.900613874,1.642872689
51,D,394,322,6.7,5.18,5.976350909,5.774551546,1.902107526,1.644805056
52,D,443,287,6.58,5.17,6.09356977,5.659482216,1.884034745,1.642872689
53,D,677,225,5.73,5.18,6.517671273,5.416100402,1.745715531,1.644805056
54,D,642,367,6.68,4.94,6.464588304,5.905361848,1.899117988,1.597365331
55,D,525,241,6.59,5.17,6.263398263,5.484796933,1.885553349,1.642872689
56,D,637,319,6.03,5.17,6.456769656,5.765191103,1.796747011,1.642872689
57,D,399,220,6.68,5.16,5.988961417,5.393627546,1.899117988,1.640936579
58,D,660,320,6.7,5.06,6.492239835,5.768320996,1.902107526,1.621366483
59,D,543,491,6.68,4.51,6.29710932,6.196444128,1.899117988,1.506297154
60,D,421,376,6.68,4.53,6.042632834,5.929589143,1.899117988,1.510721939
61,D,523,266,6.63,5.15,6.259581464,5.583496309,1.891604804,1.638996715
62,D,650,204,6.04,5.17,6.476972363,5.318119994,1.798404012,1.642872689
63,D,489,236,6.69,5.15,6.192362489,5.463831805,1.900613874,1.638996715
64,D,457,274,6.69,5.15,6.124683391,5.613128106,1.900613874,1.638996715
65,D,566,381,6.67,5.17,6.338594078,5.942799375,1.89761986,1.642872689
66,D,537,219,6.7,5.16,6.285998095,5.38907173,1.902107526,1.640936579
67,D,601,240,6.65,5.17,6.398594935,5.480638923,1.894616855,1.642872689
68,D,666,255,6.04,5.16,6.501289671,5.541263545,1.798404012,1.640936579
69,D,624,358,6.69,5.16,6.436150368,5.880532986,1.900613874,1.640936579
70,D,655,244,6.55,5.07,6.484635236,5.497168225,1.87946505,1.623340818
71,D,915,303,5.11,4.16,6.818924065,5.713732806,1.631199404,1.425515074
72,D,369,321,6.71,5.2,5.910796644,5.771441123,1.903598951,1.648658626
73,D,446,273,6.52,5.21,6.100318952,5.609471795,1.874874376,1.650579856
74,D,1350,264,5.09,5.22,7.207859871,5.575949103,1.627277831,1.652497402
75,D,366,252,6.69,5.21,5.902633333,5.529429088,1.900613874,1.650579856
76,D,439,254,6.72,5.15,6.084499413,5.537334267,1.905088155,1.638996715
77,D,518,289,6.72,5.17,6.249975242,5.666426688,1.905088155,1.642872689
78,D,411,311,6.73,5.2,6.018593214,5.739792912,1.906575144,1.648658626
79,D,481,256,6.72,5.2,6.17586727,5.545177444,1.905088155,1.648658626
80,D,677,343,6.5,5.22,6.517671273,5.837730447,1.871802177,1.652497402
81,D,1441,217,4.98,5.22,7.273092596,5.379897354,1.605429891,1.652497402
82,D,566,222,6.66,5.2,6.338594078,5.402677382,1.896119485,1.648658626
83,D,553,315,6.69,5.15,6.315358002,5.752572639,1.900613874,1.638996715
84,D,430,299,6.72,5.16,6.063785209,5.700443573,1.905088155,1.640936579
85,D,394,308,6.82,5.21,5.976350909,5.730099783,1.919859472,1.650579856
86,D,385,238,6.92,5.26,5.953243334,5.472270674,1.93441577,1.660131027
87,D,562,264,6.95,5.28,6.33150185,5.575949103,1.93874166,1.663926098
88,D,355,365,6.96,5.26,5.872117789,5.899897354,1.940179474,1.660131027
89,D,428,341,6.96,5.28,6.059123196,5.831882477,1.940179474,1.663926098
90,D,437,199,6.95,5.21,6.079933195,5.293304825,1.93874166,1.650579856
91,D,360,194,6.96,5.28,5.886104031,5.267858159,1.940179474,1.663926098
92,D,353,274,6.96,5.27,5.866468057,5.613128106,1.940179474,1.662030363
93,D,541,301,6.95,5.28,6.293419279,5.707110265,1.93874166,1.663926098
94,D,392,174,6.96,5.28,5.97126184,5.159055299,1.940179474,1.663926098
95,D,542,262,6.84,5.26,6.295266001,5.568344504,1.922787732,1.660131027
96,D,777,192,6.08,5.27,6.65544035,5.257495372,1.805004696,1.662030363
97,D,403,277,6.93,5.28,5.998936562,5.624017506,1.935859813,1.663926098
98,D,556,263,6.92,5.28,6.320768294,5.572154032,1.93441577,1.663926098
99,D,493,261,6.95,5.27,6.200509174,5.564520407,1.93874166,1.662030363
100,D,384,229,6.94,5.28,5.950642553,5.433722004,1.937301775,1.663926098
101,D,565,277,6.95,5.26,6.336825731,5.624017506,1.93874166,1.660131027
102,D,591,192,6.73,5.26,6.381816017,5.257495372,1.906575144,1.660131027
103,D,854,258,5.6,5.01,6.749931194,5.552959585,1.722766598,1.611435915
104,D,352,264,6.94,5.23,5.863631176,5.575949103,1.937301775,1.654411278
1,E,530,189,6.06,4.57,6.272877007,5.241747015,1.8017098,1.519513205
2,E,349,200,6.08,4.6,5.855071922,5.298317367,1.805004696,1.526056303
3,E,483,111,6.08,4.3,6.180016654,4.709530201,1.805004696,1.458615023
4,E,361,327,6.1,3.06,5.888877958,5.789960171,1.808288771,1.118414916
5,E,381,165,6.08,4.51,5.942799375,5.105945474,1.805004696,1.506297154
6,E,433,162,6.09,4.62,6.070737728,5.087596335,1.806648082,1.530394705
7,E,429,154,6.01,4.82,6.061456919,5.036952602,1.793424749,1.572773928
8,E,484,120,6.09,4.83,6.182084907,4.787491743,1.806648082,1.574846468
9,E,487,198,6.08,4.83,6.188264123,5.288267031,1.805004696,1.574846468
10,E,384,119,6.01,4.85,5.950642553,4.779123493,1.793424749,1.578978705
11,E,433,89,6.08,4.84,6.070737728,4.48863637,1.805004696,1.576914721
12,E,428,124,6.09,4.84,6.059123196,4.820281566,1.806648082,1.576914721
13,E,451,189,6.09,4.84,6.11146734,5.241747015,1.806648082,1.576914721
14,E,481,153,6.09,4.83,6.17586727,5.030437921,1.806648082,1.574846468
15,E,428,110,6.1,4.85,6.059123196,4.700480366,1.808288771,1.578978705
16,E,443,141,6.08,4.77,6.09356977,4.94875989,1.805004696,1.562346305
17,E,440,93,6.09,4.85,6.086774727,4.532599493,1.806648082,1.578978705
18,E,387,94,6.04,4.82,5.958424693,4.543294782,1.798404012,1.572773928
19,E,405,176,6.06,4.72,6.003887067,5.170483995,1.8017098,1.5518088
20,E,527,121,6.02,4.77,6.267200549,4.795790546,1.795087259,1.562346305
21,E,481,143,5.97,4.78,6.17586727,4.96284463,1.786746927,1.564440547
22,E,1037,108,5.08,4.78,6.944087208,4.682131227,1.625311262,1.564440547
23,E,440,105,6.02,4.73,6.086774727,4.65396035,1.795087259,1.553925203
24,E,566,212,5.99,4.79,6.338594078,5.356586275,1.790091412,1.566530411
25,E,372,212,6.04,4.78,5.918893854,5.356586275,1.798404012,1.564440547
26,E,424,171,6.02,4.8,6.049733455,5.141663557,1.795087259,1.568615918
27,E,382,102,6.03,4.79,5.945420609,4.624972813,1.796747011,1.566530411
28,E,426,123,5.92,4.77,6.054439346,4.812184355,1.778336449,1.562346305
29,E,802,153,5.07,4.78,6.687108608,5.030437921,1.623340818,1.564440547
30,E,608,172,6.01,4.78,6.410174882,5.147494477,1.793424749,1.564440547
31,E,449,161,6.03,4.81,6.107022888,5.081404365,1.796747011,1.570697084
32,E,409,172,6.05,4.79,6.013715156,5.147494477,1.800058272,1.566530411
33,E,461,155,5.83,4.79,6.133398043,5.043425117,1.763017,1.566530411
34,E,431,100,6,4.76,6.06610809,4.605170186,1.791759469,1.560247668
35,E,430,147,6.17,4.85,6.063785209,4.990432587,1.819698838,1.578978705
36,E,447,195,6.22,4.9,6.102558595,5.272999559,1.827769907,1.589235205
37,E,725,98,5.08,4.76,6.586171655,4.584967479,1.625311262,1.560247668
38,E,402,212,6.34,4.05,5.996452089,5.356586275,1.846878768,1.398716881
39,E,459,169,6.39,4.79,6.12905021,5.129898715,1.854734268,1.566530411
40,E,434,323,6.4,4.04,6.073044534,5.777652323,1.85629799,1.396244692
41,E,463,202,6.21,4.87,6.137727054,5.308267697,1.826160896,1.583093937
42,E,888,113,5.09,4.87,6.788971743,4.727387819,1.627277831,1.583093937
43,E,385,169,6.37,4.89,5.953243334,5.129898715,1.85159947,1.587192303
44,E,268,158,6.41,4.86,5.590986981,5.062595033,1.857859271,1.581038438
45,E,300,141,6.42,4.6,5.703782475,4.94875989,1.859418118,1.526056303
46,E,427,148,6.4,4.89,6.056784013,4.997212274,1.85629799,1.587192303
47,E,428,95,6.26,4.9,6.059123196,4.553876892,1.834180185,1.589235205
48,E,1028,82,5.1,4.65,6.935370446,4.406719247,1.62924054,1.53686722
49,E,386,124,6.38,4.8,5.955837369,4.820281566,1.853168097,1.568615918
50,E,423,179,6.39,4.8,6.047372179,5.187385806,1.854734268,1.568615918
51,E,396,159,6.39,4.89,5.981414211,5.068904202,1.854734268,1.587192303
52,E,369,131,6.37,4.87,5.910796644,4.875197323,1.85159947,1.583093937
53,E,418,115,6.04,4.91,6.035481433,4.744932128,1.798404012,1.591273942
54,E,329,123,6.4,4.79,5.796057751,4.812184355,1.85629799,1.566530411
55,E,384,160,6.34,4.84,5.950642553,5.075173815,1.846878768,1.576914721
56,E,512,267,6.02,4.89,6.238324625,5.587248658,1.795087259,1.587192303
57,E,355,304,6.38,4.88,5.872117789,5.717027701,1.853168097,1.58514522
58,E,352,152,6.42,4.77,5.863631176,5.023880521,1.859418118,1.562346305
59,E,361,233,6.38,4.35,5.888877958,5.451038454,1.853168097,1.470175845
60,E,376,237,6.41,4.36,5.929589143,5.468060141,1.857859271,1.472472057
61,E,326,167,6.37,4.92,5.786897381,5.117993812,1.85159947,1.593308531
62,E,508,95,6.02,4.9,6.230481448,4.553876892,1.795087259,1.589235205
63,E,312,131,6.39,4.87,5.743003188,4.875197323,1.854734268,1.583093937
64,E,343,170,6.4,4.9,5.837730447,5.135798437,1.85629799,1.589235205
65,E,402,145,6.4,4.89,5.996452089,4.976733742,1.85629799,1.587192303
66,E,388,153,6.4,4.84,5.96100534,5.030437921,1.85629799,1.576914721
67,E,471,115,6.38,4.9,6.154858094,4.744932128,1.853168097,1.589235205
68,E,374,127,6.03,4.87,5.924255797,4.844187086,1.796747011,1.583093937
69,E,326,215,6.45,4.93,5.786897381,5.370638028,1.864080131,1.595338988
70,E,439,108,6.37,4.88,6.084499413,4.682131227,1.85159947,1.58514522
71,E,902,213,5.14,4.01,6.80461452,5.361292166,1.637053079,1.388791241
72,E,268,186,6.48,4.78,5.590986981,5.225746674,1.86872051,1.564440547
73,E,395,163,6.32,5.04,5.978885765,5.093750201,1.843719208,1.617406082
74,E,731,91,5.1,5.03,6.59441346,4.510859507,1.62924054,1.615419984
75,E,331,175,6.52,5.06,5.802118375,5.164785974,1.874874376,1.621366483
76,E,357,159,6.55,5.04,5.877735782,5.068904202,1.87946505,1.617406082
77,E,345,92,6.54,5.04,5.843544417,4.521788577,1.877937165,1.617406082
78,E,401,124,6.55,5.02,5.993961427,4.820281566,1.87946505,1.613429934
79,E,369,138,6.57,5.06,5.910796644,4.927253685,1.882513832,1.621366483
80,E,343,78,6.49,5.03,5.837730447,4.356708827,1.870262531,1.615419984
81,E,578,175,6.06,5.05,6.359573869,5.164785974,1.8017098,1.619388243
82,E,387,177,6.54,5.02,5.958424693,5.176149733,1.877937165,1.613429934
83,E,382,78,6.56,4.98,5.945420609,4.356708827,1.880990603,1.605429891
84,E,351,214,6.56,5.04,5.860786223,5.365976015,1.880990603,1.617406082
85,E,285,253,6.63,5.13,5.65248918,5.533389489,1.891604804,1.635105659
86,E,312,110,6.8,5.28,5.743003188,4.700480366,1.916922612,1.663926098
87,E,361,107,6.82,5.29,5.888877958,4.672828834,1.919859472,1.665818246
88,E,229,191,6.81,5.27,5.433722004,5.252273428,1.91839212,1.662030363
89,E,345,129,6.82,5.28,5.843544417,4.859812404,1.919859472,1.663926098
90,E,357,146,6.8,5.25,5.877735782,4.983606622,1.916922612,1.658228077
91,E,293,149,6.81,5.29,5.680172609,5.003946306,1.91839212,1.665818246
92,E,331,187,6.81,5.26,5.802118375,5.231108617,1.91839212,1.660131027
93,E,333,161,6.81,5.29,5.80814249,5.081404365,1.91839212,1.665818246
94,E,372,203,6.82,5.29,5.918893854,5.313205979,1.919859472,1.665818246
95,E,341,122,6.65,5.27,5.831882477,4.804021045,1.894616855,1.662030363
96,E,341,134,6.16,5.26,5.831882477,4.8978398,1.818076778,1.660131027
97,E,309,144,6.8,5.28,5.733341277,4.9698133,1.916922612,1.663926098
98,E,477,98,6.47,5.27,6.167516491,4.584967479,1.867176109,1.662030363
99,E,509,111,6.29,5.28,6.232448017,4.709530201,1.838961071,1.663926098
100,E,395,104,6.3,5.28,5.978885765,4.644390899,1.840549633,1.663926098
101,E,335,165,6.3,5.29,5.814130532,5.105945474,1.840549633,1.665818246
102,E,354,195,6.24,5.24,5.869296913,5.272999559,1.830980182,1.656321498
103,E,590,155,5.6,5.01,6.380122537,5.043425117,1.722766598,1.611435915
104,E,302,109,6.81,5.27,5.710427017,4.691347882,1.91839212,1.662030363
1,F,574,217,6.4,4.99,6.352629396,5.379897354,1.85629799,1.60743591
2,F,595,292,6.41,4.95,6.388561406,5.676753802,1.857859271,1.599387577
3,F,520,270,6.37,4.76,6.253828812,5.598421959,1.85159947,1.560247668
4,F,453,967,6.39,2.99,6.115892125,6.874198495,1.854734268,1.095273387
5,F,694,195,6.39,4.92,6.542471961,5.272999559,1.854734268,1.593308531
6,F,652,201,6.4,4.99,6.480044562,5.303304908,1.85629799,1.60743591
7,F,659,214,6.39,4.99,6.490723535,5.365976015,1.854734268,1.60743591
8,F,603,228,6.4,4.99,6.401917197,5.429345629,1.85629799,1.60743591
9,F,637,228,6.38,4.99,6.456769656,5.429345629,1.853168097,1.60743591
10,F,725,205,6.09,4.99,6.586171655,5.323009979,1.806648082,1.60743591
11,F,647,326,6.4,4.99,6.472346295,5.786897381,1.85629799,1.60743591
12,F,688,284,6.4,4.99,6.533788838,5.648974238,1.85629799,1.60743591
13,F,481,350,6.4,4.99,6.17586727,5.857933154,1.85629799,1.60743591
14,F,613,275,6.39,4.99,6.418364936,5.616771098,1.854734268,1.60743591
15,F,570,274,6.4,4.99,6.345636361,5.613128106,1.85629799,1.60743591
16,F,476,238,6.4,4.98,6.165417854,5.472270674,1.85629799,1.605429891
17,F,715,213,6.4,4.98,6.572282543,5.361292166,1.85629799,1.605429891
18,F,631,192,6.3,4.99,6.447305863,5.257495372,1.840549633,1.60743591
19,F,631,195,6.41,5,6.447305863,5.272999559,1.857859271,1.609437912
20,F,841,286,6.4,4.99,6.73459166,5.655991811,1.85629799,1.60743591
21,F,637,268,6.35,4.99,6.456769656,5.590986981,1.848454813,1.60743591
22,F,1072,222,5.16,4.99,6.977281342,5.402677382,1.640936579,1.60743591
23,F,669,212,6.38,4.96,6.50578406,5.356586275,1.853168097,1.601405741
24,F,639,195,6.42,5,6.459904454,5.272999559,1.859418118,1.609437912
25,F,543,316,6.41,4.99,6.29710932,5.755742214,1.857859271,1.60743591
26,F,605,234,6.4,5,6.405228458,5.455321115,1.85629799,1.609437912
27,F,628,193,6.4,5,6.442540166,5.262690189,1.85629799,1.609437912
28,F,619,230,6.34,5,6.428105273,5.438079309,1.846878768,1.609437912
29,F,1230,189,5.15,4.99,7.114769448,5.241747015,1.638996715,1.60743591
30,F,695,219,6.39,4.98,6.543911846,5.38907173,1.854734268,1.605429891
31,F,588,211,6.42,4.99,6.376726948,5.351858133,1.859418118,1.60743591
32,F,628,290,6.42,5,6.442540166,5.669880923,1.859418118,1.609437912
33,F,722,271,6.38,5,6.582025139,5.602118821,1.853168097,1.609437912
34,F,573,301,6.4,4.98,6.350885717,5.707110265,1.85629799,1.605429891
35,F,501,255,6.52,5.07,6.216606101,5.541263545,1.874874376,1.623340818
36,F,546,162,6.66,5.29,6.302618976,5.087596335,1.896119485,1.665818246
37,F,852,151,5.14,5.15,6.747586527,5.017279837,1.637053079,1.638996715
38,F,422,353,6.74,4.07,6.045005314,5.866468057,1.908059925,1.403642999
39,F,598,220,6.81,5.27,6.393590754,5.393627546,1.91839212,1.662030363
40,F,596,285,6.8,5.31,6.390240667,5.65248918,1.916922612,1.669591835
41,F,646,340,6.68,5.3,6.470799504,5.828945618,1.899117988,1.667706821
42,F,845,138,5.14,5.31,6.739336627,4.927253685,1.637053079,1.669591835
43,F,542,149,6.76,5.31,6.295266001,5.003946306,1.91102289,1.669591835
44,F,488,226,6.81,5.29,6.190315406,5.420534999,1.91839212,1.665818246
45,F,497,269,6.8,5.3,6.208590026,5.59471138,1.916922612,1.667706821
46,F,463,243,6.79,5.31,6.137727054,5.493061443,1.915450942,1.669591835
47,F,524,253,6.68,5.31,6.261491684,5.533389489,1.899117988,1.669591835
48,F,1029,155,5.16,5.3,6.936342736,5.043425117,1.640936579,1.667706821
49,F,473,175,6.75,5.3,6.159095388,5.164785974,1.909542505,1.667706821
50,F,522,196,6.8,5.3,6.257667588,5.278114659,1.916922612,1.667706821
51,F,580,266,6.79,5.3,6.363028104,5.583496309,1.915450942,1.667706821
52,F,598,242,6.73,5.3,6.393590754,5.488937726,1.906575144,1.667706821
53,F,1064,254,5.62,5.29,6.96979067,5.537334267,1.726331664,1.665818246
54,F,549,214,6.77,5.27,6.308098442,5.365976015,1.912501087,1.662030363
55,F,543,209,6.71,5.28,6.29710932,5.342334252,1.903598951,1.663926098
56,F,904,212,6.07,5.3,6.80682936,5.356586275,1.803358605,1.667706821
57,F,601,240,6.79,5.3,6.398594935,5.480638923,1.915450942,1.667706821
58,F,523,284,6.81,5.17,6.259581464,5.648974238,1.91839212,1.642872689
59,F,708,182,6.79,4.67,6.562444094,5.204006687,1.915450942,1.541159072
60,F,437,270,6.8,4.66,6.079933195,5.598421959,1.916922612,1.539015448
61,F,646,224,6.75,5.28,6.470799504,5.411646052,1.909542505,1.663926098
62,F,773,268,6.08,5.3,6.650279049,5.590986981,1.805004696,1.667706821
63,F,535,215,6.79,5.31,6.282266747,5.370638028,1.915450942,1.669591835
64,F,539,199,6.8,5.3,6.289715571,5.293304825,1.916922612,1.667706821
65,F,585,155,6.8,5.31,6.371611847,5.043425117,1.916922612,1.669591835
66,F,563,212,6.8,5.31,6.333279628,5.356586275,1.916922612,1.669591835
67,F,480,243,6.75,5.3,6.173786104,5.493061443,1.909542505,1.667706821
68,F,720,180,6.06,5.3,6.579251212,5.192956851,1.8017098,1.667706821
69,F,660,202,6.78,5.3,6.492239835,5.308267697,1.913977102,1.667706821
70,F,406,194,6.67,5.27,6.00635316,5.267858159,1.89761986,1.662030363
71,F,1274,248,5.13,4.76,7.149916836,5.513428746,1.635105659,1.560247668
72,F,608,200,6.76,5.29,6.410174882,5.298317367,1.91102289,1.665818246
73,F,422,279,6.67,5.3,6.045005314,5.631211782,1.89761986,1.667706821
74,F,1017,162,5.11,5.3,6.924612396,5.087596335,1.631199404,1.667706821
75,F,468,232,6.73,5.3,6.148468296,5.446737372,1.906575144,1.667706821
76,F,511,273,6.79,5.28,6.23636959,5.609471795,1.915450942,1.663926098
77,F,472,237,6.8,5.24,6.156978986,5.468060141,1.916922612,1.656321498
78,F,535,285,6.81,5.3,6.282266747,5.65248918,1.91839212,1.667706821
79,F,571,179,6.8,5.31,6.34738921,5.187385806,1.916922612,1.669591835
80,F,494,211,6.76,5.3,6.202535517,5.351858133,1.91102289,1.667706821
81,F,676,152,6.07,5.3,6.516193076,5.023880521,1.803358605,1.667706821
82,F,675,259,6.79,5.29,6.514712691,5.556828062,1.915450942,1.665818246
83,F,624,209,6.8,5.29,6.436150368,5.342334252,1.916922612,1.665818246
84,F,446,226,6.8,5.3,6.100318952,5.420534999,1.916922612,1.667706821
85,F,489,160,6.86,5.31,6.192362489,5.075173815,1.925707442,1.669591835
86,F,535,168,6.98,5.3,6.282266747,5.123963979,1.943048917,1.667706821
87,F,451,219,6.99,5.3,6.11146734,5.38907173,1.944480556,1.667706821
88,F,477,208,7,5.3,6.167516491,5.33753808,1.945910149,1.667706821
89,F,453,192,7,5.31,6.115892125,5.257495372,1.945910149,1.669591835
90,F,544,300,6.99,5.3,6.298949247,5.703782475,1.944480556,1.667706821
91,F,501,310,7,5.3,6.216606101,5.736572297,1.945910149,1.667706821
92,F,418,215,7,5.3,6.035481433,5.370638028,1.945910149,1.667706821
93,F,534,292,7,5.29,6.280395839,5.676753802,1.945910149,1.665818246
94,F,548,217,7,5.3,6.306275287,5.379897354,1.945910149,1.667706821
95,F,632,202,6.9,5.31,6.448889394,5.308267697,1.931521412,1.669591835
96,F,640,193,6.07,5.3,6.461468176,5.262690189,1.803358605,1.667706821
97,F,483,211,6.98,5.31,6.180016654,5.351858133,1.943048917,1.669591835
98,F,825,134,5.66,5.3,6.715383386,4.8978398,1.733423892,1.667706821
99,F,1123,146,5.14,5.3,7.023758955,4.983606622,1.637053079,1.667706821
100,F,1124,141,5.11,5.28,7.02464903,4.94875989,1.631199404,1.663926098
101,F,1199,159,5.11,5.31,7.089243155,5.068904202,1.631199404,1.669591835
102,F,885,157,5.23,5.28,6.785587645,5.056245805,1.654411278,1.663926098
103,F,1045,224,5.6,5.01,6.951772164,5.411646052,1.722766598,1.611435915
104,F,514,211,6.96,5.29,6.242223265,5.351858133,1.940179474,1.665818246
