respondent,repetitions,option_1,option_2,option_3,choice
1,1,14,5,17,14
1,2,17,14,10,14
1,3,1,3,7,3
1,4,2,18,16,16
1,5,17,12,14,17
1,6,8,13,14,8
1,7,7,2,1,1
1,8,11,3,13,11
1,9,7,2,13,2
1,10,13,15,5,15
1,11,11,12,1,1
1,12,4,3,8,8
1,13,15,8,18,8
1,14,18,5,12,12
1,15,8,18,2,8
1,16,3,11,6,11
1,17,3,10,9,10
1,18,14,16,7,14
1,19,6,2,3,2
1,20,12,8,14,8
1,21,2,15,4,15
1,22,6,3,14,3
1,23,15,10,13,10
1,24,11,12,2,11
1,25,11,13,7,11
1,26,16,11,10,16
1,27,4,7,1,1
1,28,18,15,9,9
1,29,8,18,13,8
1,30,15,17,3,17
1,31,1,4,14,14
1,32,8,12,16,12
1,33,4,6,9,9
1,34,12,2,9,9
1,35,10,14,11,11
1,36,12,5,1,1
1,37,10,16,13,10
1,38,3,15,17,15
1,39,5,4,9,9
1,40,6,17,10,10
1,41,18,9,11,11
1,42,18,10,6,10
1,43,1,4,8,1
1,44,2,8,5,8
1,45,4,9,3,3
1,46,11,9,14,14
1,47,16,13,9,16
1,48,7,1,10,10
1,49,14,11,17,11
1,50,18,5,15,15
2,1,14,5,17,17
2,2,17,14,10,14
2,3,1,3,7,1
2,4,2,18,16,18
2,5,17,12,14,12
2,6,8,13,14,13
2,7,7,2,1,2
2,8,11,3,13,13
2,9,7,2,13,2
2,10,13,15,5,5
2,11,11,12,1,1
2,12,4,3,8,8
2,13,15,8,18,15
2,14,18,5,12,18
2,15,8,18,2,18
2,16,3,11,6,6
2,17,3,10,9,3
2,18,14,16,7,14
2,19,6,2,3,2
2,20,12,8,14,12
2,21,2,15,4,2
2,22,6,3,14,14
2,23,15,10,13,15
2,24,11,12,2,12
2,25,11,13,7,13
2,26,16,11,10,10
2,27,4,7,1,7
2,28,18,15,9,15
2,29,8,18,13,8
2,30,15,17,3,15
2,31,1,4,14,14
2,32,8,12,16,12
2,33,4,6,9,6
2,34,12,2,9,2
2,35,10,14,11,14
2,36,12,5,1,12
2,37,10,16,13,10
2,38,3,15,17,15
2,39,5,4,9,9
2,40,6,17,10,6
2,41,18,9,11,11
2,42,18,10,6,6
2,43,1,4,8,1
2,44,2,8,5,2
2,45,4,9,3,3
2,46,11,9,14,14
2,47,16,13,9,16
2,48,7,1,10,10
2,49,14,11,17,14
2,50,18,5,15,15
3,1,14,5,17,5
3,2,17,14,10,10
3,3,1,3,7,1
3,4,2,18,16,2
3,5,17,12,14,12
3,6,8,13,14,13
3,7,7,2,1,1
3,8,11,3,13,3
3,9,7,2,13,2
3,10,13,15,5,15
3,11,11,12,1,1
3,12,4,3,8,3
3,13,15,8,18,15
3,14,18,5,12,5
3,15,8,18,2,8
3,16,3,11,6,3
3,17,3,10,9,10
3,18,14,16,7,16
3,19,6,2,3,2
3,20,12,8,14,8
3,21,2,15,4,4
3,22,6,3,14,3
3,23,15,10,13,15
3,24,11,12,2,2
3,25,11,13,7,7
3,26,16,11,10,10
3,27,4,7,1,4
3,28,18,15,9,15
3,29,8,18,13,8
3,30,15,17,3,15
3,31,1,4,14,4
3,32,8,12,16,8
3,33,4,6,9,4
3,34,12,2,9,2
3,35,10,14,11,10
3,36,12,5,1,1
3,37,10,16,13,10
3,38,3,15,17,3
3,39,5,4,9,4
3,40,6,17,10,10
3,41,18,9,11,9
3,42,18,10,6,6
3,43,1,4,8,4
3,44,2,8,5,2
3,45,4,9,3,4
3,46,11,9,14,9
3,47,16,13,9,16
3,48,7,1,10,10
3,49,14,11,17,17
3,50,18,5,15,15
4,1,14,5,17,17
4,2,17,14,10,17
4,3,1,3,7,3
4,4,2,18,16,2
4,5,17,12,14,17
4,6,8,13,14,14
4,7,7,2,1,1
4,8,11,3,13,3
4,9,7,2,13,2
4,10,13,15,5,15
4,11,11,12,1,12
4,12,4,3,8,4
4,13,15,8,18,15
4,14,18,5,12,12
4,15,8,18,2,2
4,16,3,11,6,3
4,17,3,10,9,10
4,18,14,16,7,14
4,19,6,2,3,3
4,20,12,8,14,12
4,21,2,15,4,4
4,22,6,3,14,3
4,23,15,10,13,10
4,24,11,12,2,12
4,25,11,13,7,11
4,26,16,11,10,16
4,27,4,7,1,4
4,28,18,15,9,15
4,29,8,18,13,8
4,30,15,17,3,3
4,31,1,4,14,4
4,32,8,12,16,12
4,33,4,6,9,9
4,34,12,2,9,12
4,35,10,14,11,10
4,36,12,5,1,1
4,37,10,16,13,10
4,38,3,15,17,3
4,39,5,4,9,4
4,40,6,17,10,10
4,41,18,9,11,11
4,42,18,10,6,10
4,43,1,4,8,4
4,44,2,8,5,2
4,45,4,9,3,4
4,46,11,9,14,11
4,47,16,13,9,9
4,48,7,1,10,10
4,49,14,11,17,11
4,50,18,5,15,15
5,1,14,5,17,17
5,2,17,14,10,10
5,3,1,3,7,1
5,4,2,18,16,2
5,5,17,12,14,14
5,6,8,13,14,14
5,7,7,2,1,1
5,8,11,3,13,11
5,9,7,2,13,2
5,10,13,15,5,15
5,11,11,12,1,1
5,12,4,3,8,4
5,13,15,8,18,15
5,14,18,5,12,12
5,15,8,18,2,2
5,16,3,11,6,11
5,17,3,10,9,10
5,18,14,16,7,14
5,19,6,2,3,2
5,20,12,8,14,14
5,21,2,15,4,2
5,22,6,3,14,14
5,23,15,10,13,15
5,24,11,12,2,2
5,25,11,13,7,11
5,26,16,11,10,11
5,27,4,7,1,4
5,28,18,15,9,15
5,29,8,18,13,18
5,30,15,17,3,15
5,31,1,4,14,1
5,32,8,12,16,12
5,33,4,6,9,4
5,34,12,2,9,2
5,35,10,14,11,10
5,36,12,5,1,1
5,37,10,16,13,10
5,38,3,15,17,15
5,39,5,4,9,4
5,40,6,17,10,10
5,41,18,9,11,11
5,42,18,10,6,10
5,43,1,4,8,1
5,44,2,8,5,2
5,45,4,9,3,4
5,46,11,9,14,11
5,47,16,13,9,16
5,48,7,1,10,1
5,49,14,11,17,11
5,50,18,5,15,15
6,1,14,5,17,17
6,2,17,14,10,17
6,3,1,3,7,1
6,4,2,18,16,2
6,5,17,12,14,17
6,6,8,13,14,14
6,7,7,2,1,2
6,8,11,3,13,11
6,9,7,2,13,2
6,10,13,15,5,15
6,11,11,12,1,1
6,12,4,3,8,4
6,13,15,8,18,15
6,14,18,5,12,5
6,15,8,18,2,2
6,16,3,11,6,11
6,17,3,10,9,3
6,18,14,16,7,16
6,19,6,2,3,2
6,20,12,8,14,8
6,21,2,15,4,15
6,22,6,3,14,3
6,23,15,10,13,15
6,24,11,12,2,2
6,25,11,13,7,11
6,26,16,11,10,16
6,27,4,7,1,1
6,28,18,15,9,15
6,29,8,18,13,8
6,30,15,17,3,15
6,31,1,4,14,1
6,32,8,12,16,16
6,33,4,6,9,4
6,34,12,2,9,2
6,35,10,14,11,11
6,36,12,5,1,1
6,37,10,16,13,16
6,38,3,15,17,15
6,39,5,4,9,4
6,40,6,17,10,17
6,41,18,9,11,11
6,42,18,10,6,18
6,43,1,4,8,1
6,44,2,8,5,2
6,45,4,9,3,3
6,46,11,9,14,11
6,47,16,13,9,16
6,48,7,1,10,1
6,49,14,11,17,17
6,50,18,5,15,15
7,1,14,5,17,5
7,2,17,14,10,10
7,3,1,3,7,7
7,4,2,18,16,2
7,5,17,12,14,12
7,6,8,13,14,8
7,7,7,2,1,2
7,8,11,3,13,13
7,9,7,2,13,2
7,10,13,15,5,13
7,11,11,12,1,12
7,12,4,3,8,8
7,13,15,8,18,8
7,14,18,5,12,5
7,15,8,18,2,2
7,16,3,11,6,3
7,17,3,10,9,10
7,18,14,16,7,7
7,19,6,2,3,2
7,20,12,8,14,12
7,21,2,15,4,2
7,22,6,3,14,14
7,23,15,10,13,15
7,24,11,12,2,2
7,25,11,13,7,13
7,26,16,11,10,16
7,27,4,7,1,4
7,28,18,15,9,18
7,29,8,18,13,8
7,30,15,17,3,3
7,31,1,4,14,4
7,32,8,12,16,8
7,33,4,6,9,6
7,34,12,2,9,9
7,35,10,14,11,10
7,36,12,5,1,12
7,37,10,16,13,10
7,38,3,15,17,3
7,39,5,4,9,4
7,40,6,17,10,10
7,41,18,9,11,18
7,42,18,10,6,10
7,43,1,4,8,8
7,44,2,8,5,2
7,45,4,9,3,3
7,46,11,9,14,11
7,47,16,13,9,9
7,48,7,1,10,7
7,49,14,11,17,14
7,50,18,5,15,18
8,1,14,5,17,14
8,2,17,14,10,14
8,3,1,3,7,1
8,4,2,18,16,2
8,5,17,12,14,14
8,6,8,13,14,14
8,7,7,2,1,2
8,8,11,3,13,11
8,9,7,2,13,2
8,10,13,15,5,15
8,11,11,12,1,12
8,12,4,3,8,4
8,13,15,8,18,8
8,14,18,5,12,5
8,15,8,18,2,2
8,16,3,11,6,3
8,17,3,10,9,9
8,18,14,16,7,14
8,19,6,2,3,2
8,20,12,8,14,14
8,21,2,15,4,2
8,22,6,3,14,14
8,23,15,10,13,15
8,24,11,12,2,2
8,25,11,13,7,11
8,26,16,11,10,11
8,27,4,7,1,1
8,28,18,15,9,15
8,29,8,18,13,13
8,30,15,17,3,15
8,31,1,4,14,4
8,32,8,12,16,8
8,33,4,6,9,4
8,34,12,2,9,2
8,35,10,14,11,10
8,36,12,5,1,1
8,37,10,16,13,13
8,38,3,15,17,15
8,39,5,4,9,4
8,40,6,17,10,6
8,41,18,9,11,11
8,42,18,10,6,10
8,43,1,4,8,4
8,44,2,8,5,2
8,45,4,9,3,4
8,46,11,9,14,14
8,47,16,13,9,16
8,48,7,1,10,1
8,49,14,11,17,11
8,50,18,5,15,15
9,1,14,5,17,14
9,2,17,14,10,14
9,3,1,3,7,1
9,4,2,18,16,2
9,5,17,12,14,14
9,6,8,13,14,14
9,7,7,2,1,1
9,8,11,3,13,11
9,9,7,2,13,2
9,10,13,15,5,15
9,11,11,12,1,11
9,12,4,3,8,4
9,13,15,8,18,15
9,14,18,5,12,12
9,15,8,18,2,2
9,16,3,11,6,11
9,17,3,10,9,9
9,18,14,16,7,14
9,19,6,2,3,2
9,20,12,8,14,14
9,21,2,15,4,2
9,22,6,3,14,14
9,23,15,10,13,15
9,24,11,12,2,11
9,25,11,13,7,11
9,26,16,11,10,16
9,27,4,7,1,1
9,28,18,15,9,15
9,29,8,18,13,8
9,30,15,17,3,15
9,31,1,4,14,1
9,32,8,12,16,16
9,33,4,6,9,4
9,34,12,2,9,2
9,35,10,14,11,14
9,36,12,5,1,1
9,37,10,16,13,16
9,38,3,15,17,15
9,39,5,4,9,4
9,40,6,17,10,6
9,41,18,9,11,11
9,42,18,10,6,18
9,43,1,4,8,1
9,44,2,8,5,2
9,45,4,9,3,4
9,46,11,9,14,14
9,47,16,13,9,16
9,48,7,1,10,1
9,49,14,11,17,14
9,50,18,5,15,15
10,1,14,5,17,17
10,2,17,14,10,17
10,3,1,3,7,7
10,4,2,18,16,2
10,5,17,12,14,12
10,6,8,13,14,8
10,7,7,2,1,2
10,8,11,3,13,11
10,9,7,2,13,2
10,10,13,15,5,15
10,11,11,12,1,12
10,12,4,3,8,4
10,13,15,8,18,15
10,14,18,5,12,12
10,15,8,18,2,2
10,16,3,11,6,11
10,17,3,10,9,9
10,18,14,16,7,7
10,19,6,2,3,2
10,20,12,8,14,12
10,21,2,15,4,2
10,22,6,3,14,3
10,23,15,10,13,10
10,24,11,12,2,2
10,25,11,13,7,11
10,26,16,11,10,11
10,27,4,7,1,1
10,28,18,15,9,15
10,29,8,18,13,18
10,30,15,17,3,15
10,31,1,4,14,4
10,32,8,12,16,16
10,33,4,6,9,4
10,34,12,2,9,9
10,35,10,14,11,11
10,36,12,5,1,1
10,37,10,16,13,10
10,38,3,15,17,15
10,39,5,4,9,4
10,40,6,17,10,17
10,41,18,9,11,11
10,42,18,10,6,10
10,43,1,4,8,1
10,44,2,8,5,2
10,45,4,9,3,9
10,46,11,9,14,11
10,47,16,13,9,16
10,48,7,1,10,1
10,49,14,11,17,17
10,50,18,5,15,15
11,1,14,5,17,14
11,2,17,14,10,10
11,3,1,3,7,1
11,4,2,18,16,16
11,5,17,12,14,17
11,6,8,13,14,14
11,7,7,2,1,1
11,8,11,3,13,11
11,9,7,2,13,2
11,10,13,15,5,15
11,11,11,12,1,1
11,12,4,3,8,3
11,13,15,8,18,15
11,14,18,5,12,5
11,15,8,18,2,2
11,16,3,11,6,6
11,17,3,10,9,9
11,18,14,16,7,14
11,19,6,2,3,3
11,20,12,8,14,14
11,21,2,15,4,2
11,22,6,3,14,6
11,23,15,10,13,10
11,24,11,12,2,2
11,25,11,13,7,11
11,26,16,11,10,10
11,27,4,7,1,1
11,28,18,15,9,9
11,29,8,18,13,13
11,30,15,17,3,15
11,31,1,4,14,14
11,32,8,12,16,16
11,33,4,6,9,6
11,34,12,2,9,2
11,35,10,14,11,14
11,36,12,5,1,1
11,37,10,16,13,16
11,38,3,15,17,15
11,39,5,4,9,9
11,40,6,17,10,10
11,41,18,9,11,9
11,42,18,10,6,10
11,43,1,4,8,1
11,44,2,8,5,2
11,45,4,9,3,9
11,46,11,9,14,14
11,47,16,13,9,9
11,48,7,1,10,10
11,49,14,11,17,14
11,50,18,5,15,15
12,1,14,5,17,14
12,2,17,14,10,10
12,3,1,3,7,1
12,4,2,18,16,2
12,5,17,12,14,17
12,6,8,13,14,13
12,7,7,2,1,1
12,8,11,3,13,13
12,9,7,2,13,2
12,10,13,15,5,15
12,11,11,12,1,1
12,12,4,3,8,8
12,13,15,8,18,15
12,14,18,5,12,12
12,15,8,18,2,2
12,16,3,11,6,3
12,17,3,10,9,10
12,18,14,16,7,7
12,19,6,2,3,2
12,20,12,8,14,8
12,21,2,15,4,2
12,22,6,3,14,14
12,23,15,10,13,15
12,24,11,12,2,2
12,25,11,13,7,11
12,26,16,11,10,10
12,27,4,7,1,1
12,28,18,15,9,15
12,29,8,18,13,8
12,30,15,17,3,15
12,31,1,4,14,4
12,32,8,12,16,8
12,33,4,6,9,4
12,34,12,2,9,2
12,35,10,14,11,10
12,36,12,5,1,1
12,37,10,16,13,13
12,38,3,15,17,15
12,39,5,4,9,4
12,40,6,17,10,10
12,41,18,9,11,18
12,42,18,10,6,10
12,43,1,4,8,4
12,44,2,8,5,2
12,45,4,9,3,4
12,46,11,9,14,11
12,47,16,13,9,13
12,48,7,1,10,1
12,49,14,11,17,14
12,50,18,5,15,15
13,1,14,5,17,14
13,2,17,14,10,14
13,3,1,3,7,1
13,4,2,18,16,18
13,5,17,12,14,14
13,6,8,13,14,8
13,7,7,2,1,1
13,8,11,3,13,11
13,9,7,2,13,2
13,10,13,15,5,15
13,11,11,12,1,1
13,12,4,3,8,3
13,13,15,8,18,15
13,14,18,5,12,18
13,15,8,18,2,18
13,16,3,11,6,3
13,17,3,10,9,9
13,18,14,16,7,14
13,19,6,2,3,2
13,20,12,8,14,8
13,21,2,15,4,15
13,22,6,3,14,3
13,23,15,10,13,15
13,24,11,12,2,11
13,25,11,13,7,11
13,26,16,11,10,11
13,27,4,7,1,1
13,28,18,15,9,18
13,29,8,18,13,8
13,30,15,17,3,15
13,31,1,4,14,1
13,32,8,12,16,8
13,33,4,6,9,6
13,34,12,2,9,2
13,35,10,14,11,14
13,36,12,5,1,5
13,37,10,16,13,13
13,38,3,15,17,15
13,39,5,4,9,5
13,40,6,17,10,6
13,41,18,9,11,11
13,42,18,10,6,10
13,43,1,4,8,8
13,44,2,8,5,2
13,45,4,9,3,9
13,46,11,9,14,11
13,47,16,13,9,13
13,48,7,1,10,1
13,49,14,11,17,14
13,50,18,5,15,18
14,1,14,5,17,14
14,2,17,14,10,10
14,3,1,3,7,3
14,4,2,18,16,2
14,5,17,12,14,14
14,6,8,13,14,14
14,7,7,2,1,2
14,8,11,3,13,3
14,9,7,2,13,7
14,10,13,15,5,15
14,11,11,12,1,1
14,12,4,3,8,3
14,13,15,8,18,15
14,14,18,5,12,12
14,15,8,18,2,2
14,16,3,11,6,3
14,17,3,10,9,10
14,18,14,16,7,14
14,19,6,2,3,2
14,20,12,8,14,8
14,21,2,15,4,15
14,22,6,3,14,14
14,23,15,10,13,15
14,24,11,12,2,2
14,25,11,13,7,11
14,26,16,11,10,10
14,27,4,7,1,1
14,28,18,15,9,15
14,29,8,18,13,8
14,30,15,17,3,15
14,31,1,4,14,1
14,32,8,12,16,8
14,33,4,6,9,4
14,34,12,2,9,2
14,35,10,14,11,14
14,36,12,5,1,1
14,37,10,16,13,10
14,38,3,15,17,15
14,39,5,4,9,4
14,40,6,17,10,10
14,41,18,9,11,11
14,42,18,10,6,10
14,43,1,4,8,1
14,44,2,8,5,2
14,45,4,9,3,3
14,46,11,9,14,14
14,47,16,13,9,16
14,48,7,1,10,1
14,49,14,11,17,14
14,50,18,5,15,15
15,1,14,5,17,14
15,2,17,14,10,14
15,3,1,3,7,1
15,4,2,18,16,2
15,5,17,12,14,12
15,6,8,13,14,8
15,7,7,2,1,1
15,8,11,3,13,11
15,9,7,2,13,7
15,10,13,15,5,15
15,11,11,12,1,12
15,12,4,3,8,8
15,13,15,8,18,15
15,14,18,5,12,12
15,15,8,18,2,2
15,16,3,11,6,11
15,17,3,10,9,9
15,18,14,16,7,14
15,19,6,2,3,2
15,20,12,8,14,12
15,21,2,15,4,15
15,22,6,3,14,14
15,23,15,10,13,15
15,24,11,12,2,2
15,25,11,13,7,11
15,26,16,11,10,11
15,27,4,7,1,4
15,28,18,15,9,15
15,29,8,18,13,8
15,30,15,17,3,15
15,31,1,4,14,4
15,32,8,12,16,16
15,33,4,6,9,4
15,34,12,2,9,2
15,35,10,14,11,11
15,36,12,5,1,1
15,37,10,16,13,13
15,38,3,15,17,15
15,39,5,4,9,4
15,40,6,17,10,6
15,41,18,9,11,11
15,42,18,10,6,6
15,43,1,4,8,1
15,44,2,8,5,8
15,45,4,9,3,4
15,46,11,9,14,14
15,47,16,13,9,9
15,48,7,1,10,1
15,49,14,11,17,14
15,50,18,5,15,15
16,1,14,5,17,14
16,2,17,14,10,10
16,3,1,3,7,3
16,4,2,18,16,18
16,5,17,12,14,17
16,6,8,13,14,13
16,7,7,2,1,2
16,8,11,3,13,11
16,9,7,2,13,2
16,10,13,15,5,15
16,11,11,12,1,11
16,12,4,3,8,8
16,13,15,8,18,18
16,14,18,5,12,18
16,15,8,18,2,2
16,16,3,11,6,11
16,17,3,10,9,9
16,18,14,16,7,14
16,19,6,2,3,2
16,20,12,8,14,14
16,21,2,15,4,2
16,22,6,3,14,3
16,23,15,10,13,15
16,24,11,12,2,11
16,25,11,13,7,11
16,26,16,11,10,11
16,27,4,7,1,1
16,28,18,15,9,9
16,29,8,18,13,18
16,30,15,17,3,15
16,31,1,4,14,1
16,32,8,12,16,12
16,33,4,6,9,9
16,34,12,2,9,9
16,35,10,14,11,11
16,36,12,5,1,12
16,37,10,16,13,10
16,38,3,15,17,15
16,39,5,4,9,9
16,40,6,17,10,10
16,41,18,9,11,9
16,42,18,10,6,10
16,43,1,4,8,1
16,44,2,8,5,2
16,45,4,9,3,9
16,46,11,9,14,11
16,47,16,13,9,9
16,48,7,1,10,10
16,49,14,11,17,11
16,50,18,5,15,15
17,1,14,5,17,14
17,2,17,14,10,14
17,3,1,3,7,1
17,4,2,18,16,16
17,5,17,12,14,14
17,6,8,13,14,14
17,7,7,2,1,1
17,8,11,3,13,11
17,9,7,2,13,2
17,10,13,15,5,15
17,11,11,12,1,11
17,12,4,3,8,3
17,13,15,8,18,15
17,14,18,5,12,12
17,15,8,18,2,2
17,16,3,11,6,11
17,17,3,10,9,10
17,18,14,16,7,16
17,19,6,2,3,2
17,20,12,8,14,14
17,21,2,15,4,15
17,22,6,3,14,14
17,23,15,10,13,15
17,24,11,12,2,11
17,25,11,13,7,11
17,26,16,11,10,11
17,27,4,7,1,1
17,28,18,15,9,15
17,29,8,18,13,18
17,30,15,17,3,15
17,31,1,4,14,14
17,32,8,12,16,16
17,33,4,6,9,4
17,34,12,2,9,2
17,35,10,14,11,11
17,36,12,5,1,1
17,37,10,16,13,16
17,38,3,15,17,15
17,39,5,4,9,5
17,40,6,17,10,17
17,41,18,9,11,11
17,42,18,10,6,10
17,43,1,4,8,1
17,44,2,8,5,2
17,45,4,9,3,3
17,46,11,9,14,11
17,47,16,13,9,16
17,48,7,1,10,1
17,49,14,11,17,11
17,50,18,5,15,15
18,1,14,5,17,17
18,2,17,14,10,17
18,3,1,3,7,1
18,4,2,18,16,2
18,5,17,12,14,17
18,6,8,13,14,13
18,7,7,2,1,1
18,8,11,3,13,3
18,9,7,2,13,2
18,10,13,15,5,15
18,11,11,12,1,1
18,12,4,3,8,3
18,13,15,8,18,15
18,14,18,5,12,5
18,15,8,18,2,2
18,16,3,11,6,3
18,17,3,10,9,10
18,18,14,16,7,16
18,19,6,2,3,3
18,20,12,8,14,12
18,21,2,15,4,15
18,22,6,3,14,3
18,23,15,10,13,15
18,24,11,12,2,11
18,25,11,13,7,11
18,26,16,11,10,11
18,27,4,7,1,1
18,28,18,15,9,15
18,29,8,18,13,13
18,30,15,17,3,15
18,31,1,4,14,1
18,32,8,12,16,12
18,33,4,6,9,9
18,34,12,2,9,2
18,35,10,14,11,11
18,36,12,5,1,1
18,37,10,16,13,10
18,38,3,15,17,15
18,39,5,4,9,9
18,40,6,17,10,17
18,41,18,9,11,11
18,42,18,10,6,18
18,43,1,4,8,1
18,44,2,8,5,2
18,45,4,9,3,3
18,46,11,9,14,11
18,47,16,13,9,16
18,48,7,1,10,10
18,49,14,11,17,17
18,50,18,5,15,15
19,1,14,5,17,17
19,2,17,14,10,14
19,3,1,3,7,1
19,4,2,18,16,2
19,5,17,12,14,14
19,6,8,13,14,14
19,7,7,2,1,1
19,8,11,3,13,11
19,9,7,2,13,2
19,10,13,15,5,15
19,11,11,12,1,1
19,12,4,3,8,4
19,13,15,8,18,8
19,14,18,5,12,5
19,15,8,18,2,8
19,16,3,11,6,11
19,17,3,10,9,10
19,18,14,16,7,16
19,19,6,2,3,3
19,20,12,8,14,8
19,21,2,15,4,15
19,22,6,3,14,14
19,23,15,10,13,13
19,24,11,12,2,11
19,25,11,13,7,11
19,26,16,11,10,11
19,27,4,7,1,1
19,28,18,15,9,15
19,29,8,18,13,13
19,30,15,17,3,15
19,31,1,4,14,1
19,32,8,12,16,16
19,33,4,6,9,4
19,34,12,2,9,12
19,35,10,14,11,11
19,36,12,5,1,1
19,37,10,16,13,13
19,38,3,15,17,17
19,39,5,4,9,4
19,40,6,17,10,17
19,41,18,9,11,11
19,42,18,10,6,18
19,43,1,4,8,1
19,44,2,8,5,2
19,45,4,9,3,9
19,46,11,9,14,11
19,47,16,13,9,16
19,48,7,1,10,1
19,49,14,11,17,14
19,50,18,5,15,15
20,1,14,5,17,5
20,2,17,14,10,14
20,3,1,3,7,1
20,4,2,18,16,2
20,5,17,12,14,14
20,6,8,13,14,14
20,7,7,2,1,1
20,8,11,3,13,3
20,9,7,2,13,2
20,10,13,15,5,15
20,11,11,12,1,1
20,12,4,3,8,4
20,13,15,8,18,15
20,14,18,5,12,5
20,15,8,18,2,18
20,16,3,11,6,3
20,17,3,10,9,10
20,18,14,16,7,14
20,19,6,2,3,2
20,20,12,8,14,14
20,21,2,15,4,15
20,22,6,3,14,3
20,23,15,10,13,10
20,24,11,12,2,12
20,25,11,13,7,7
20,26,16,11,10,10
20,27,4,7,1,1
20,28,18,15,9,15
20,29,8,18,13,8
20,30,15,17,3,3
20,31,1,4,14,1
20,32,8,12,16,12
20,33,4,6,9,4
20,34,12,2,9,12
20,35,10,14,11,14
20,36,12,5,1,5
20,37,10,16,13,10
20,38,3,15,17,15
20,39,5,4,9,4
20,40,6,17,10,10
20,41,18,9,11,18
20,42,18,10,6,10
20,43,1,4,8,4
20,44,2,8,5,5
20,45,4,9,3,4
20,46,11,9,14,14
20,47,16,13,9,16
20,48,7,1,10,10
20,49,14,11,17,14
20,50,18,5,15,5
21,1,14,5,17,14
21,2,17,14,10,10
21,3,1,3,7,1
21,4,2,18,16,2
21,5,17,12,14,14
21,6,8,13,14,13
21,7,7,2,1,1
21,8,11,3,13,3
21,9,7,2,13,2
21,10,13,15,5,15
21,11,11,12,1,1
21,12,4,3,8,4
21,13,15,8,18,15
21,14,18,5,12,18
21,15,8,18,2,2
21,16,3,11,6,3
21,17,3,10,9,10
21,18,14,16,7,14
21,19,6,2,3,2
21,20,12,8,14,8
21,21,2,15,4,2
21,22,6,3,14,3
21,23,15,10,13,15
21,24,11,12,2,2
21,25,11,13,7,13
21,26,16,11,10,10
21,27,4,7,1,1
21,28,18,15,9,15
21,29,8,18,13,18
21,30,15,17,3,15
21,31,1,4,14,1
21,32,8,12,16,12
21,33,4,6,9,4
21,34,12,2,9,2
21,35,10,14,11,10
21,36,12,5,1,1
21,37,10,16,13,10
21,38,3,15,17,15
21,39,5,4,9,4
21,40,6,17,10,10
21,41,18,9,11,11
21,42,18,10,6,10
21,43,1,4,8,4
21,44,2,8,5,2
21,45,4,9,3,4
21,46,11,9,14,11
21,47,16,13,9,9
21,48,7,1,10,1
21,49,14,11,17,17
21,50,18,5,15,15
22,1,14,5,17,5
22,2,17,14,10,14
22,3,1,3,7,1
22,4,2,18,16,2
22,5,17,12,14,14
22,6,8,13,14,14
22,7,7,2,1,2
22,8,11,3,13,11
22,9,7,2,13,2
22,10,13,15,5,15
22,11,11,12,1,12
22,12,4,3,8,4
22,13,15,8,18,15
22,14,18,5,12,5
22,15,8,18,2,2
22,16,3,11,6,3
22,17,3,10,9,3
22,18,14,16,7,14
22,19,6,2,3,2
22,20,12,8,14,12
22,21,2,15,4,2
22,22,6,3,14,14
22,23,15,10,13,15
22,24,11,12,2,12
22,25,11,13,7,7
22,26,16,11,10,10
22,27,4,7,1,4
22,28,18,15,9,15
22,29,8,18,13,18
22,30,15,17,3,15
22,31,1,4,14,14
22,32,8,12,16,12
22,33,4,6,9,4
22,34,12,2,9,12
22,35,10,14,11,14
22,36,12,5,1,12
22,37,10,16,13,10
22,38,3,15,17,15
22,39,5,4,9,4
22,40,6,17,10,10
22,41,18,9,11,18
22,42,18,10,6,10
22,43,1,4,8,1
22,44,2,8,5,2
22,45,4,9,3,4
22,46,11,9,14,14
22,47,16,13,9,9
22,48,7,1,10,1
22,49,14,11,17,14
22,50,18,5,15,5
23,1,14,5,17,17
23,2,17,14,10,17
23,3,1,3,7,1
23,4,2,18,16,2
23,5,17,12,14,17
23,6,8,13,14,13
23,7,7,2,1,1
23,8,11,3,13,11
23,9,7,2,13,2
23,10,13,15,5,15
23,11,11,12,1,11
23,12,4,3,8,4
23,13,15,8,18,15
23,14,18,5,12,12
23,15,8,18,2,2
23,16,3,11,6,11
23,17,3,10,9,10
23,18,14,16,7,16
23,19,6,2,3,2
23,20,12,8,14,8
23,21,2,15,4,2
23,22,6,3,14,6
23,23,15,10,13,15
23,24,11,12,2,2
23,25,11,13,7,11
23,26,16,11,10,11
23,27,4,7,1,4
23,28,18,15,9,15
23,29,8,18,13,8
23,30,15,17,3,15
23,31,1,4,14,4
23,32,8,12,16,12
23,33,4,6,9,4
23,34,12,2,9,2
23,35,10,14,11,10
23,36,12,5,1,1
23,37,10,16,13,10
23,38,3,15,17,15
23,39,5,4,9,4
23,40,6,17,10,17
23,41,18,9,11,11
23,42,18,10,6,10
23,43,1,4,8,1
23,44,2,8,5,2
23,45,4,9,3,4
23,46,11,9,14,11
23,47,16,13,9,16
23,48,7,1,10,1
23,49,14,11,17,17
23,50,18,5,15,15
24,1,14,5,17,14
24,2,17,14,10,10
24,3,1,3,7,1
24,4,2,18,16,2
24,5,17,12,14,14
24,6,8,13,14,8
24,7,7,2,1,2
24,8,11,3,13,3
24,9,7,2,13,2
24,10,13,15,5,15
24,11,11,12,1,1
24,12,4,3,8,4
24,13,15,8,18,15
24,14,18,5,12,18
24,15,8,18,2,2
24,16,3,11,6,11
24,17,3,10,9,3
24,18,14,16,7,16
24,19,6,2,3,2
24,20,12,8,14,8
24,21,2,15,4,4
24,22,6,3,14,3
24,23,15,10,13,10
24,24,11,12,2,2
24,25,11,13,7,11
24,26,16,11,10,10
24,27,4,7,1,4
24,28,18,15,9,15
24,29,8,18,13,8
24,30,15,17,3,15
24,31,1,4,14,1
24,32,8,12,16,8
24,33,4,6,9,4
24,34,12,2,9,9
24,35,10,14,11,11
24,36,12,5,1,1
24,37,10,16,13,10
24,38,3,15,17,15
24,39,5,4,9,4
24,40,6,17,10,10
24,41,18,9,11,11
24,42,18,10,6,10
24,43,1,4,8,4
24,44,2,8,5,2
24,45,4,9,3,4
24,46,11,9,14,11
24,47,16,13,9,9
24,48,7,1,10,1
24,49,14,11,17,11
24,50,18,5,15,15
25,1,14,5,17,14
25,2,17,14,10,10
25,3,1,3,7,3
25,4,2,18,16,2
25,5,17,12,14,17
25,6,8,13,14,8
25,7,7,2,1,1
25,8,11,3,13,11
25,9,7,2,13,2
25,10,13,15,5,15
25,11,11,12,1,11
25,12,4,3,8,8
25,13,15,8,18,15
25,14,18,5,12,18
25,15,8,18,2,2
25,16,3,11,6,11
25,17,3,10,9,10
25,18,14,16,7,14
25,19,6,2,3,2
25,20,12,8,14,14
25,21,2,15,4,4
25,22,6,3,14,3
25,23,15,10,13,15
25,24,11,12,2,11
25,25,11,13,7,11
25,26,16,11,10,10
25,27,4,7,1,1
25,28,18,15,9,9
25,29,8,18,13,8
25,30,15,17,3,15
25,31,1,4,14,1
25,32,8,12,16,8
25,33,4,6,9,4
25,34,12,2,9,2
25,35,10,14,11,11
25,36,12,5,1,1
25,37,10,16,13,10
25,38,3,15,17,15
25,39,5,4,9,9
25,40,6,17,10,17
25,41,18,9,11,11
25,42,18,10,6,10
25,43,1,4,8,1
25,44,2,8,5,2
25,45,4,9,3,3
25,46,11,9,14,11
25,47,16,13,9,9
25,48,7,1,10,1
25,49,14,11,17,11
25,50,18,5,15,15
26,1,14,5,17,14
26,2,17,14,10,14
26,3,1,3,7,1
26,4,2,18,16,2
26,5,17,12,14,14
26,6,8,13,14,14
26,7,7,2,1,2
26,8,11,3,13,3
26,9,7,2,13,2
26,10,13,15,5,15
26,11,11,12,1,1
26,12,4,3,8,4
26,13,15,8,18,8
26,14,18,5,12,12
26,15,8,18,2,2
26,16,3,11,6,3
26,17,3,10,9,3
26,18,14,16,7,14
26,19,6,2,3,2
26,20,12,8,14,14
26,21,2,15,4,2
26,22,6,3,14,14
26,23,15,10,13,15
26,24,11,12,2,2
26,25,11,13,7,7
26,26,16,11,10,10
26,27,4,7,1,1
26,28,18,15,9,15
26,29,8,18,13,13
26,30,15,17,3,15
26,31,1,4,14,1
26,32,8,12,16,8
26,33,4,6,9,4
26,34,12,2,9,2
26,35,10,14,11,14
26,36,12,5,1,1
26,37,10,16,13,16
26,38,3,15,17,3
26,39,5,4,9,4
26,40,6,17,10,17
26,41,18,9,11,18
26,42,18,10,6,10
26,43,1,4,8,1
26,44,2,8,5,2
26,45,4,9,3,4
26,46,11,9,14,9
26,47,16,13,9,9
26,48,7,1,10,1
26,49,14,11,17,14
26,50,18,5,15,15
27,1,14,5,17,5
27,2,17,14,10,10
27,3,1,3,7,3
27,4,2,18,16,2
27,5,17,12,14,14
27,6,8,13,14,8
27,7,7,2,1,2
27,8,11,3,13,3
27,9,7,2,13,2
27,10,13,15,5,15
27,11,11,12,1,12
27,12,4,3,8,3
27,13,15,8,18,15
27,14,18,5,12,12
27,15,8,18,2,2
27,16,3,11,6,3
27,17,3,10,9,3
27,18,14,16,7,7
27,19,6,2,3,2
27,20,12,8,14,8
27,21,2,15,4,15
27,22,6,3,14,3
27,23,15,10,13,15
27,24,11,12,2,2
27,25,11,13,7,7
27,26,16,11,10,11
27,27,4,7,1,1
27,28,18,15,9,15
27,29,8,18,13,8
27,30,15,17,3,15
27,31,1,4,14,1
27,32,8,12,16,12
27,33,4,6,9,4
27,34,12,2,9,2
27,35,10,14,11,10
27,36,12,5,1,1
27,37,10,16,13,10
27,38,3,15,17,3
27,39,5,4,9,4
27,40,6,17,10,10
27,41,18,9,11,11
27,42,18,10,6,10
27,43,1,4,8,4
27,44,2,8,5,8
27,45,4,9,3,3
27,46,11,9,14,11
27,47,16,13,9,13
27,48,7,1,10,1
27,49,14,11,17,11
27,50,18,5,15,5
28,1,14,5,17,5
28,2,17,14,10,10
28,3,1,3,7,3
28,4,2,18,16,18
28,5,17,12,14,12
28,6,8,13,14,8
28,7,7,2,1,7
28,8,11,3,13,3
28,9,7,2,13,2
28,10,13,15,5,5
28,11,11,12,1,12
28,12,4,3,8,3
28,13,15,8,18,15
28,14,18,5,12,5
28,15,8,18,2,8
28,16,3,11,6,3
28,17,3,10,9,10
28,18,14,16,7,14
28,19,6,2,3,2
28,20,12,8,14,8
28,21,2,15,4,2
28,22,6,3,14,3
28,23,15,10,13,15
28,24,11,12,2,2
28,25,11,13,7,13
28,26,16,11,10,10
28,27,4,7,1,7
28,28,18,15,9,15
28,29,8,18,13,18
28,30,15,17,3,3
28,31,1,4,14,14
28,32,8,12,16,8
28,33,4,6,9,9
28,34,12,2,9,2
28,35,10,14,11,10
28,36,12,5,1,5
28,37,10,16,13,10
28,38,3,15,17,3
28,39,5,4,9,5
28,40,6,17,10,10
28,41,18,9,11,18
28,42,18,10,6,18
28,43,1,4,8,8
28,44,2,8,5,5
28,45,4,9,3,3
28,46,11,9,14,14
28,47,16,13,9,13
28,48,7,1,10,10
28,49,14,11,17,17
28,50,18,5,15,5
29,1,14,5,17,5
29,2,17,14,10,14
29,3,1,3,7,3
29,4,2,18,16,2
29,5,17,12,14,14
29,6,8,13,14,8
29,7,7,2,1,7
29,8,11,3,13,3
29,9,7,2,13,2
29,10,13,15,5,15
29,11,11,12,1,12
29,12,4,3,8,4
29,13,15,8,18,15
29,14,18,5,12,5
29,15,8,18,2,2
29,16,3,11,6,11
29,17,3,10,9,3
29,18,14,16,7,7
29,19,6,2,3,3
29,20,12,8,14,8
29,21,2,15,4,15
29,22,6,3,14,14
29,23,15,10,13,10
29,24,11,12,2,2
29,25,11,13,7,7
29,26,16,11,10,10
29,27,4,7,1,4
29,28,18,15,9,15
29,29,8,18,13,8
29,30,15,17,3,3
29,31,1,4,14,1
29,32,8,12,16,12
29,33,4,6,9,4
29,34,12,2,9,9
29,35,10,14,11,11
29,36,12,5,1,12
29,37,10,16,13,16
29,38,3,15,17,15
29,39,5,4,9,5
29,40,6,17,10,10
29,41,18,9,11,18
29,42,18,10,6,18
29,43,1,4,8,1
29,44,2,8,5,2
29,45,4,9,3,3
29,46,11,9,14,14
29,47,16,13,9,9
29,48,7,1,10,10
29,49,14,11,17,11
29,50,18,5,15,15
30,1,14,5,17,17
30,2,17,14,10,10
30,3,1,3,7,1
30,4,2,18,16,2
30,5,17,12,14,17
30,6,8,13,14,13
30,7,7,2,1,2
30,8,11,3,13,13
30,9,7,2,13,2
30,10,13,15,5,5
30,11,11,12,1,11
30,12,4,3,8,4
30,13,15,8,18,8
30,14,18,5,12,5
30,15,8,18,2,2
30,16,3,11,6,3
30,17,3,10,9,9
30,18,14,16,7,16
30,19,6,2,3,3
30,20,12,8,14,8
30,21,2,15,4,4
30,22,6,3,14,3
30,23,15,10,13,13
30,24,11,12,2,2
30,25,11,13,7,13
30,26,16,11,10,11
30,27,4,7,1,4
30,28,18,15,9,9
30,29,8,18,13,13
30,30,15,17,3,17
30,31,1,4,14,1
30,32,8,12,16,8
30,33,4,6,9,4
30,34,12,2,9,2
30,35,10,14,11,11
30,36,12,5,1,1
30,37,10,16,13,13
30,38,3,15,17,15
30,39,5,4,9,4
30,40,6,17,10,6
30,41,18,9,11,11
30,42,18,10,6,18
30,43,1,4,8,4
30,44,2,8,5,2
30,45,4,9,3,4
30,46,11,9,14,11
30,47,16,13,9,13
30,48,7,1,10,1
30,49,14,11,17,17
30,50,18,5,15,18
31,1,14,5,17,5
31,2,17,14,10,14
31,3,1,3,7,1
31,4,2,18,16,2
31,5,17,12,14,12
31,6,8,13,14,8
31,7,7,2,1,2
31,8,11,3,13,11
31,9,7,2,13,7
31,10,13,15,5,15
31,11,11,12,1,12
31,12,4,3,8,8
31,13,15,8,18,8
31,14,18,5,12,12
31,15,8,18,2,2
31,16,3,11,6,6
31,17,3,10,9,10
31,18,14,16,7,7
31,19,6,2,3,2
31,20,12,8,14,12
31,21,2,15,4,4
31,22,6,3,14,6
31,23,15,10,13,15
31,24,11,12,2,12
31,25,11,13,7,7
31,26,16,11,10,10
31,27,4,7,1,1
31,28,18,15,9,15
31,29,8,18,13,8
31,30,15,17,3,15
31,31,1,4,14,1
31,32,8,12,16,8
31,33,4,6,9,9
31,34,12,2,9,12
31,35,10,14,11,10
31,36,12,5,1,1
31,37,10,16,13,10
31,38,3,15,17,3
31,39,5,4,9,4
31,40,6,17,10,17
31,41,18,9,11,18
31,42,18,10,6,6
31,43,1,4,8,1
31,44,2,8,5,8
31,45,4,9,3,9
31,46,11,9,14,9
31,47,16,13,9,9
31,48,7,1,10,1
31,49,14,11,17,14
31,50,18,5,15,15
32,1,14,5,17,14
32,2,17,14,10,17
32,3,1,3,7,7
32,4,2,18,16,18
32,5,17,12,14,12
32,6,8,13,14,8
32,7,7,2,1,7
32,8,11,3,13,3
32,9,7,2,13,7
32,10,13,15,5,13
32,11,11,12,1,1
32,12,4,3,8,8
32,13,15,8,18,15
32,14,18,5,12,18
32,15,8,18,2,2
32,16,3,11,6,6
32,17,3,10,9,10
32,18,14,16,7,7
32,19,6,2,3,6
32,20,12,8,14,8
32,21,2,15,4,2
32,22,6,3,14,6
32,23,15,10,13,15
32,24,11,12,2,11
32,25,11,13,7,7
32,26,16,11,10,11
32,27,4,7,1,7
32,28,18,15,9,9
32,29,8,18,13,8
32,30,15,17,3,15
32,31,1,4,14,1
32,32,8,12,16,8
32,33,4,6,9,6
32,34,12,2,9,9
32,35,10,14,11,10
32,36,12,5,1,1
32,37,10,16,13,10
32,38,3,15,17,17
32,39,5,4,9,9
32,40,6,17,10,6
32,41,18,9,11,11
32,42,18,10,6,6
32,43,1,4,8,1
32,44,2,8,5,2
32,45,4,9,3,9
32,46,11,9,14,9
32,47,16,13,9,9
32,48,7,1,10,1
32,49,14,11,17,11
32,50,18,5,15,15
33,1,14,5,17,14
33,2,17,14,10,17
33,3,1,3,7,1
33,4,2,18,16,2
33,5,17,12,14,17
33,6,8,13,14,14
33,7,7,2,1,1
33,8,11,3,13,11
33,9,7,2,13,2
33,10,13,15,5,15
33,11,11,12,1,11
33,12,4,3,8,4
33,13,15,8,18,15
33,14,18,5,12,12
33,15,8,18,2,2
33,16,3,11,6,11
33,17,3,10,9,9
33,18,14,16,7,16
33,19,6,2,3,2
33,20,12,8,14,14
33,21,2,15,4,15
33,22,6,3,14,6
33,23,15,10,13,15
33,24,11,12,2,11
33,25,11,13,7,11
33,26,16,11,10,11
33,27,4,7,1,1
33,28,18,15,9,15
33,29,8,18,13,8
33,30,15,17,3,15
33,31,1,4,14,1
33,32,8,12,16,8
33,33,4,6,9,9
33,34,12,2,9,9
33,35,10,14,11,11
33,36,12,5,1,1
33,37,10,16,13,10
33,38,3,15,17,15
33,39,5,4,9,9
33,40,6,17,10,17
33,41,18,9,11,11
33,42,18,10,6,6
33,43,1,4,8,1
33,44,2,8,5,2
33,45,4,9,3,9
33,46,11,9,14,11
33,47,16,13,9,9
33,48,7,1,10,1
33,49,14,11,17,11
33,50,18,5,15,15
34,1,14,5,17,14
34,2,17,14,10,10
34,3,1,3,7,3
34,4,2,18,16,2
34,5,17,12,14,14
34,6,8,13,14,8
34,7,7,2,1,2
34,8,11,3,13,11
34,9,7,2,13,2
34,10,13,15,5,15
34,11,11,12,1,11
34,12,4,3,8,4
34,13,15,8,18,15
34,14,18,5,12,18
34,15,8,18,2,2
34,16,3,11,6,11
34,17,3,10,9,3
34,18,14,16,7,16
34,19,6,2,3,2
34,20,12,8,14,8
34,21,2,15,4,2
34,22,6,3,14,3
34,23,15,10,13,15
34,24,11,12,2,2
34,25,11,13,7,11
34,26,16,11,10,11
34,27,4,7,1,4
34,28,18,15,9,15
34,29,8,18,13,8
34,30,15,17,3,15
34,31,1,4,14,4
34,32,8,12,16,8
34,33,4,6,9,9
34,34,12,2,9,2
34,35,10,14,11,11
34,36,12,5,1,1
34,37,10,16,13,16
34,38,3,15,17,15
34,39,5,4,9,4
34,40,6,17,10,6
34,41,18,9,11,9
34,42,18,10,6,10
34,43,1,4,8,4
34,44,2,8,5,2
34,45,4,9,3,4
34,46,11,9,14,11
34,47,16,13,9,16
34,48,7,1,10,1
34,49,14,11,17,11
34,50,18,5,15,15
35,1,14,5,17,17
35,2,17,14,10,17
35,3,1,3,7,7
35,4,2,18,16,2
35,5,17,12,14,14
35,6,8,13,14,8
35,7,7,2,1,2
35,8,11,3,13,11
35,9,7,2,13,2
35,10,13,15,5,15
35,11,11,12,1,11
35,12,4,3,8,8
35,13,15,8,18,15
35,14,18,5,12,12
35,15,8,18,2,2
35,16,3,11,6,11
35,17,3,10,9,10
35,18,14,16,7,14
35,19,6,2,3,2
35,20,12,8,14,14
35,21,2,15,4,2
35,22,6,3,14,14
35,23,15,10,13,15
35,24,11,12,2,2
35,25,11,13,7,11
35,26,16,11,10,10
35,27,4,7,1,1
35,28,18,15,9,15
35,29,8,18,13,8
35,30,15,17,3,15
35,31,1,4,14,14
35,32,8,12,16,8
35,33,4,6,9,9
35,34,12,2,9,2
35,35,10,14,11,10
35,36,12,5,1,1
35,37,10,16,13,10
35,38,3,15,17,15
35,39,5,4,9,5
35,40,6,17,10,10
35,41,18,9,11,11
35,42,18,10,6,10
35,43,1,4,8,1
35,44,2,8,5,2
35,45,4,9,3,4
35,46,11,9,14,11
35,47,16,13,9,16
35,48,7,1,10,1
35,49,14,11,17,14
35,50,18,5,15,15
36,1,14,5,17,5
36,2,17,14,10,10
36,3,1,3,7,1
36,4,2,18,16,2
36,5,17,12,14,14
36,6,8,13,14,8
36,7,7,2,1,1
36,8,11,3,13,11
36,9,7,2,13,2
36,10,13,15,5,5
36,11,11,12,1,1
36,12,4,3,8,8
36,13,15,8,18,15
36,14,18,5,12,18
36,15,8,18,2,2
36,16,3,11,6,3
36,17,3,10,9,3
36,18,14,16,7,14
36,19,6,2,3,2
36,20,12,8,14,8
36,21,2,15,4,2
36,22,6,3,14,3
36,23,15,10,13,15
36,24,11,12,2,2
36,25,11,13,7,7
36,26,16,11,10,10
36,27,4,7,1,1
36,28,18,15,9,15
36,29,8,18,13,8
36,30,15,17,3,3
36,31,1,4,14,1
36,32,8,12,16,8
36,33,4,6,9,4
36,34,12,2,9,2
36,35,10,14,11,14
36,36,12,5,1,1
36,37,10,16,13,10
36,38,3,15,17,15
36,39,5,4,9,4
36,40,6,17,10,10
36,41,18,9,11,11
36,42,18,10,6,10
36,43,1,4,8,8
36,44,2,8,5,8
36,45,4,9,3,4
36,46,11,9,14,11
36,47,16,13,9,9
36,48,7,1,10,1
36,49,14,11,17,14
36,50,18,5,15,15
37,1,14,5,17,5
37,2,17,14,10,14
37,3,1,3,7,3
37,4,2,18,16,2
37,5,17,12,14,14
37,6,8,13,14,14
37,7,7,2,1,1
37,8,11,3,13,11
37,9,7,2,13,2
37,10,13,15,5,5
37,11,11,12,1,1
37,12,4,3,8,3
37,13,15,8,18,18
37,14,18,5,12,18
37,15,8,18,2,2
37,16,3,11,6,11
37,17,3,10,9,9
37,18,14,16,7,16
37,19,6,2,3,2
37,20,12,8,14,8
37,21,2,15,4,2
37,22,6,3,14,3
37,23,15,10,13,15
37,24,11,12,2,11
37,25,11,13,7,11
37,26,16,11,10,16
37,27,4,7,1,4
37,28,18,15,9,9
37,29,8,18,13,18
37,30,15,17,3,3
37,31,1,4,14,4
37,32,8,12,16,16
37,33,4,6,9,6
37,34,12,2,9,9
37,35,10,14,11,11
37,36,12,5,1,1
37,37,10,16,13,16
37,38,3,15,17,3
37,39,5,4,9,4
37,40,6,17,10,6
37,41,18,9,11,9
37,42,18,10,6,6
37,43,1,4,8,4
37,44,2,8,5,8
37,45,4,9,3,9
37,46,11,9,14,11
37,47,16,13,9,16
37,48,7,1,10,1
37,49,14,11,17,11
37,50,18,5,15,18
38,1,14,5,17,17
38,2,17,14,10,14
38,3,1,3,7,1
38,4,2,18,16,2
38,5,17,12,14,14
38,6,8,13,14,8
38,7,7,2,1,2
38,8,11,3,13,11
38,9,7,2,13,2
38,10,13,15,5,15
38,11,11,12,1,1
38,12,4,3,8,8
38,13,15,8,18,15
38,14,18,5,12,12
38,15,8,18,2,8
38,16,3,11,6,11
38,17,3,10,9,9
38,18,14,16,7,7
38,19,6,2,3,2
38,20,12,8,14,8
38,21,2,15,4,15
38,22,6,3,14,14
38,23,15,10,13,15
38,24,11,12,2,11
38,25,11,13,7,11
38,26,16,11,10,11
38,27,4,7,1,1
38,28,18,15,9,15
38,29,8,18,13,8
38,30,15,17,3,15
38,31,1,4,14,1
38,32,8,12,16,8
38,33,4,6,9,6
38,34,12,2,9,2
38,35,10,14,11,11
38,36,12,5,1,1
38,37,10,16,13,16
38,38,3,15,17,15
38,39,5,4,9,4
38,40,6,17,10,17
38,41,18,9,11,11
38,42,18,10,6,18
38,43,1,4,8,4
38,44,2,8,5,2
38,45,4,9,3,3
38,46,11,9,14,11
38,47,16,13,9,16
38,48,7,1,10,1
38,49,14,11,17,11
38,50,18,5,15,18
39,1,14,5,17,5
39,2,17,14,10,10
39,3,1,3,7,1
39,4,2,18,16,16
39,5,17,12,14,12
39,6,8,13,14,8
39,7,7,2,1,7
39,8,11,3,13,11
39,9,7,2,13,7
39,10,13,15,5,5
39,11,11,12,1,1
39,12,4,3,8,4
39,13,15,8,18,15
39,14,18,5,12,5
39,15,8,18,2,2
39,16,3,11,6,6
39,17,3,10,9,10
39,18,14,16,7,16
39,19,6,2,3,2
39,20,12,8,14,12
39,21,2,15,4,15
39,22,6,3,14,6
39,23,15,10,13,10
39,24,11,12,2,2
39,25,11,13,7,11
39,26,16,11,10,10
39,27,4,7,1,1
39,28,18,15,9,15
39,29,8,18,13,13
39,30,15,17,3,15
39,31,1,4,14,1
39,32,8,12,16,16
39,33,4,6,9,6
39,34,12,2,9,2
39,35,10,14,11,10
39,36,12,5,1,1
39,37,10,16,13,16
39,38,3,15,17,15
39,39,5,4,9,5
39,40,6,17,10,10
39,41,18,9,11,11
39,42,18,10,6,10
39,43,1,4,8,1
39,44,2,8,5,5
39,45,4,9,3,4
39,46,11,9,14,11
39,47,16,13,9,16
39,48,7,1,10,10
39,49,14,11,17,14
39,50,18,5,15,5
40,1,14,5,17,14
40,2,17,14,10,10
40,3,1,3,7,7
40,4,2,18,16,2
40,5,17,12,14,17
40,6,8,13,14,14
40,7,7,2,1,1
40,8,11,3,13,13
40,9,7,2,13,7
40,10,13,15,5,13
40,11,11,12,1,11
40,12,4,3,8,4
40,13,15,8,18,15
40,14,18,5,12,12
40,15,8,18,2,8
40,16,3,11,6,6
40,17,3,10,9,3
40,18,14,16,7,7
40,19,6,2,3,2
40,20,12,8,14,12
40,21,2,15,4,15
40,22,6,3,14,3
40,23,15,10,13,10
40,24,11,12,2,12
40,25,11,13,7,13
40,26,16,11,10,10
40,27,4,7,1,1
40,28,18,15,9,18
40,29,8,18,13,18
40,30,15,17,3,3
40,31,1,4,14,4
40,32,8,12,16,12
40,33,4,6,9,4
40,34,12,2,9,2
40,35,10,14,11,10
40,36,12,5,1,5
40,37,10,16,13,10
40,38,3,15,17,17
40,39,5,4,9,9
40,40,6,17,10,17
40,41,18,9,11,9
40,42,18,10,6,18
40,43,1,4,8,1
40,44,2,8,5,8
40,45,4,9,3,4
40,46,11,9,14,11
40,47,16,13,9,16
40,48,7,1,10,7
40,49,14,11,17,17
40,50,18,5,15,15
41,1,14,5,17,14
41,2,17,14,10,17
41,3,1,3,7,7
41,4,2,18,16,2
41,5,17,12,14,14
41,6,8,13,14,14
41,7,7,2,1,2
41,8,11,3,13,11
41,9,7,2,13,2
41,10,13,15,5,15
41,11,11,12,1,12
41,12,4,3,8,3
41,13,15,8,18,15
41,14,18,5,12,12
41,15,8,18,2,2
41,16,3,11,6,11
41,17,3,10,9,10
41,18,14,16,7,16
41,19,6,2,3,2
41,20,12,8,14,12
41,21,2,15,4,4
41,22,6,3,14,14
41,23,15,10,13,10
41,24,11,12,2,2
41,25,11,13,7,11
41,26,16,11,10,10
41,27,4,7,1,7
41,28,18,15,9,15
41,29,8,18,13,13
41,30,15,17,3,17
41,31,1,4,14,4
41,32,8,12,16,16
41,33,4,6,9,4
41,34,12,2,9,2
41,35,10,14,11,14
41,36,12,5,1,12
41,37,10,16,13,16
41,38,3,15,17,3
41,39,5,4,9,4
41,40,6,17,10,10
41,41,18,9,11,11
41,42,18,10,6,10
41,43,1,4,8,1
41,44,2,8,5,2
41,45,4,9,3,4
41,46,11,9,14,14
41,47,16,13,9,16
41,48,7,1,10,7
41,49,14,11,17,14
41,50,18,5,15,15
42,1,14,5,17,14
42,2,17,14,10,14
42,3,1,3,7,1
42,4,2,18,16,2
42,5,17,12,14,14
42,6,8,13,14,14
42,7,7,2,1,2
42,8,11,3,13,11
42,9,7,2,13,2
42,10,13,15,5,15
42,11,11,12,1,11
42,12,4,3,8,4
42,13,15,8,18,15
42,14,18,5,12,5
42,15,8,18,2,2
42,16,3,11,6,11
42,17,3,10,9,3
42,18,14,16,7,16
42,19,6,2,3,2
42,20,12,8,14,14
42,21,2,15,4,15
42,22,6,3,14,14
42,23,15,10,13,15
42,24,11,12,2,2
42,25,11,13,7,11
42,26,16,11,10,11
42,27,4,7,1,4
42,28,18,15,9,15
42,29,8,18,13,8
42,30,15,17,3,15
42,31,1,4,14,14
42,32,8,12,16,16
42,33,4,6,9,4
42,34,12,2,9,2
42,35,10,14,11,14
42,36,12,5,1,1
42,37,10,16,13,10
42,38,3,15,17,15
42,39,5,4,9,4
42,40,6,17,10,10
42,41,18,9,11,11
42,42,18,10,6,10
42,43,1,4,8,1
42,44,2,8,5,2
42,45,4,9,3,3
42,46,11,9,14,14
42,47,16,13,9,13
42,48,7,1,10,1
42,49,14,11,17,11
42,50,18,5,15,15
43,1,14,5,17,14
43,2,17,14,10,10
43,3,1,3,7,3
43,4,2,18,16,2
43,5,17,12,14,14
43,6,8,13,14,13
43,7,7,2,1,1
43,8,11,3,13,3
43,9,7,2,13,2
43,10,13,15,5,15
43,11,11,12,1,11
43,12,4,3,8,4
43,13,15,8,18,15
43,14,18,5,12,18
43,15,8,18,2,18
43,16,3,11,6,3
43,17,3,10,9,3
43,18,14,16,7,16
43,19,6,2,3,3
43,20,12,8,14,12
43,21,2,15,4,4
43,22,6,3,14,3
43,23,15,10,13,15
43,24,11,12,2,11
43,25,11,13,7,11
43,26,16,11,10,16
43,27,4,7,1,4
43,28,18,15,9,15
43,29,8,18,13,18
43,30,15,17,3,15
43,31,1,4,14,4
43,32,8,12,16,16
43,33,4,6,9,6
43,34,12,2,9,9
43,35,10,14,11,10
43,36,12,5,1,1
43,37,10,16,13,16
43,38,3,15,17,15
43,39,5,4,9,4
43,40,6,17,10,6
43,41,18,9,11,18
43,42,18,10,6,18
43,43,1,4,8,4
43,44,2,8,5,2
43,45,4,9,3,9
43,46,11,9,14,11
43,47,16,13,9,16
43,48,7,1,10,7
43,49,14,11,17,11
43,50,18,5,15,15
44,1,14,5,17,17
44,2,17,14,10,14
44,3,1,3,7,7
44,4,2,18,16,2
44,5,17,12,14,12
44,6,8,13,14,8
44,7,7,2,1,1
44,8,11,3,13,3
44,9,7,2,13,13
44,10,13,15,5,15
44,11,11,12,1,1
44,12,4,3,8,8
44,13,15,8,18,8
44,14,18,5,12,12
44,15,8,18,2,8
44,16,3,11,6,11
44,17,3,10,9,3
44,18,14,16,7,7
44,19,6,2,3,3
44,20,12,8,14,8
44,21,2,15,4,4
44,22,6,3,14,3
44,23,15,10,13,10
44,24,11,12,2,12
44,25,11,13,7,11
44,26,16,11,10,10
44,27,4,7,1,1
44,28,18,15,9,9
44,29,8,18,13,8
44,30,15,17,3,3
44,31,1,4,14,1
44,32,8,12,16,8
44,33,4,6,9,6
44,34,12,2,9,9
44,35,10,14,11,10
44,36,12,5,1,1
44,37,10,16,13,10
44,38,3,15,17,3
44,39,5,4,9,4
44,40,6,17,10,6
44,41,18,9,11,11
44,42,18,10,6,6
44,43,1,4,8,1
44,44,2,8,5,8
44,45,4,9,3,9
44,46,11,9,14,11
44,47,16,13,9,9
44,48,7,1,10,1
44,49,14,11,17,11
44,50,18,5,15,5
45,1,14,5,17,14
45,2,17,14,10,14
45,3,1,3,7,3
45,4,2,18,16,16
45,5,17,12,14,14
45,6,8,13,14,8
45,7,7,2,1,2
45,8,11,3,13,3
45,9,7,2,13,2
45,10,13,15,5,15
45,11,11,12,1,1
45,12,4,3,8,4
45,13,15,8,18,15
45,14,18,5,12,5
45,15,8,18,2,2
45,16,3,11,6,3
45,17,3,10,9,3
45,18,14,16,7,16
45,19,6,2,3,3
45,20,12,8,14,14
45,21,2,15,4,4
45,22,6,3,14,3
45,23,15,10,13,15
45,24,11,12,2,2
45,25,11,13,7,11
45,26,16,11,10,16
45,27,4,7,1,4
45,28,18,15,9,15
45,29,8,18,13,8
45,30,15,17,3,3
45,31,1,4,14,4
45,32,8,12,16,16
45,33,4,6,9,4
45,34,12,2,9,9
45,35,10,14,11,14
45,36,12,5,1,1
45,37,10,16,13,16
45,38,3,15,17,3
45,39,5,4,9,4
45,40,6,17,10,10
45,41,18,9,11,9
45,42,18,10,6,10
45,43,1,4,8,4
45,44,2,8,5,8
45,45,4,9,3,4
45,46,11,9,14,14
45,47,16,13,9,9
45,48,7,1,10,1
45,49,14,11,17,14
45,50,18,5,15,5
46,1,14,5,17,17
46,2,17,14,10,14
46,3,1,3,7,1
46,4,2,18,16,16
46,5,17,12,14,14
46,6,8,13,14,14
46,7,7,2,1,1
46,8,11,3,13,11
46,9,7,2,13,2
46,10,13,15,5,13
46,11,11,12,1,1
46,12,4,3,8,4
46,13,15,8,18,18
46,14,18,5,12,12
46,15,8,18,2,18
46,16,3,11,6,11
46,17,3,10,9,3
46,18,14,16,7,16
46,19,6,2,3,6
46,20,12,8,14,14
46,21,2,15,4,4
46,22,6,3,14,14
46,23,15,10,13,13
46,24,11,12,2,2
46,25,11,13,7,11
46,26,16,11,10,11
46,27,4,7,1,1
46,28,18,15,9,9
46,29,8,18,13,13
46,30,15,17,3,17
46,31,1,4,14,1
46,32,8,12,16,16
46,33,4,6,9,6
46,34,12,2,9,9
46,35,10,14,11,11
46,36,12,5,1,5
46,37,10,16,13,13
46,38,3,15,17,15
46,39,5,4,9,5
46,40,6,17,10,17
46,41,18,9,11,11
46,42,18,10,6,6
46,43,1,4,8,1
46,44,2,8,5,5
46,45,4,9,3,3
46,46,11,9,14,11
46,47,16,13,9,16
46,48,7,1,10,1
46,49,14,11,17,11
46,50,18,5,15,5
47,1,14,5,17,14
47,2,17,14,10,14
47,3,1,3,7,1
47,4,2,18,16,2
47,5,17,12,14,12
47,6,8,13,14,14
47,7,7,2,1,2
47,8,11,3,13,3
47,9,7,2,13,2
47,10,13,15,5,15
47,11,11,12,1,11
47,12,4,3,8,4
47,13,15,8,18,15
47,14,18,5,12,12
47,15,8,18,2,2
47,16,3,11,6,11
47,17,3,10,9,3
47,18,14,16,7,14
47,19,6,2,3,2
47,20,12,8,14,14
47,21,2,15,4,2
47,22,6,3,14,14
47,23,15,10,13,15
47,24,11,12,2,2
47,25,11,13,7,11
47,26,16,11,10,10
47,27,4,7,1,1
47,28,18,15,9,15
47,29,8,18,13,13
47,30,15,17,3,15
47,31,1,4,14,4
47,32,8,12,16,8
47,33,4,6,9,4
47,34,12,2,9,2
47,35,10,14,11,14
47,36,12,5,1,1
47,37,10,16,13,13
47,38,3,15,17,15
47,39,5,4,9,4
47,40,6,17,10,10
47,41,18,9,11,18
47,42,18,10,6,10
47,43,1,4,8,4
47,44,2,8,5,2
47,45,4,9,3,9
47,46,11,9,14,14
47,47,16,13,9,9
47,48,7,1,10,1
47,49,14,11,17,14
47,50,18,5,15,15
48,1,14,5,17,14
48,2,17,14,10,14
48,3,1,3,7,1
48,4,2,18,16,2
48,5,17,12,14,17
48,6,8,13,14,8
48,7,7,2,1,2
48,8,11,3,13,11
48,9,7,2,13,2
48,10,13,15,5,15
48,11,11,12,1,1
48,12,4,3,8,8
48,13,15,8,18,8
48,14,18,5,12,18
48,15,8,18,2,2
48,16,3,11,6,6
48,17,3,10,9,10
48,18,14,16,7,7
48,19,6,2,3,2
48,20,12,8,14,8
48,21,2,15,4,2
48,22,6,3,14,3
48,23,15,10,13,15
48,24,11,12,2,2
48,25,11,13,7,11
48,26,16,11,10,11
48,27,4,7,1,1
48,28,18,15,9,15
48,29,8,18,13,18
48,30,15,17,3,15
48,31,1,4,14,1
48,32,8,12,16,8
48,33,4,6,9,9
48,34,12,2,9,2
48,35,10,14,11,14
48,36,12,5,1,1
48,37,10,16,13,10
48,38,3,15,17,15
48,39,5,4,9,9
48,40,6,17,10,10
48,41,18,9,11,18
48,42,18,10,6,10
48,43,1,4,8,1
48,44,2,8,5,2
48,45,4,9,3,3
48,46,11,9,14,11
48,47,16,13,9,9
48,48,7,1,10,1
48,49,14,11,17,11
48,50,18,5,15,15
49,1,14,5,17,5
49,2,17,14,10,17
49,3,1,3,7,1
49,4,2,18,16,18
49,5,17,12,14,12
49,6,8,13,14,13
49,7,7,2,1,1
49,8,11,3,13,11
49,9,7,2,13,13
49,10,13,15,5,15
49,11,11,12,1,11
49,12,4,3,8,4
49,13,15,8,18,15
49,14,18,5,12,18
49,15,8,18,2,18
49,16,3,11,6,11
49,17,3,10,9,9
49,18,14,16,7,16
49,19,6,2,3,6
49,20,12,8,14,14
49,21,2,15,4,15
49,22,6,3,14,3
49,23,15,10,13,15
49,24,11,12,2,11
49,25,11,13,7,11
49,26,16,11,10,11
49,27,4,7,1,1
49,28,18,15,9,15
49,29,8,18,13,13
49,30,15,17,3,15
49,31,1,4,14,1
49,32,8,12,16,16
49,33,4,6,9,9
49,34,12,2,9,12
49,35,10,14,11,11
49,36,12,5,1,1
49,37,10,16,13,13
49,38,3,15,17,15
49,39,5,4,9,9
49,40,6,17,10,10
49,41,18,9,11,11
49,42,18,10,6,18
49,43,1,4,8,1
49,44,2,8,5,5
49,45,4,9,3,4
49,46,11,9,14,11
49,47,16,13,9,13
49,48,7,1,10,1
49,49,14,11,17,11
49,50,18,5,15,15
50,1,14,5,17,5
50,2,17,14,10,10
50,3,1,3,7,3
50,4,2,18,16,2
50,5,17,12,14,14
50,6,8,13,14,8
50,7,7,2,1,1
50,8,11,3,13,11
50,9,7,2,13,2
50,10,13,15,5,5
50,11,11,12,1,12
50,12,4,3,8,8
50,13,15,8,18,15
50,14,18,5,12,5
50,15,8,18,2,8
50,16,3,11,6,3
50,17,3,10,9,10
50,18,14,16,7,14
50,19,6,2,3,3
50,20,12,8,14,8
50,21,2,15,4,15
50,22,6,3,14,3
50,23,15,10,13,10
50,24,11,12,2,2
50,25,11,13,7,13
50,26,16,11,10,10
50,27,4,7,1,4
50,28,18,15,9,15
50,29,8,18,13,8
50,30,15,17,3,15
50,31,1,4,14,14
50,32,8,12,16,8
50,33,4,6,9,4
50,34,12,2,9,2
50,35,10,14,11,10
50,36,12,5,1,12
50,37,10,16,13,10
50,38,3,15,17,3
50,39,5,4,9,5
50,40,6,17,10,10
50,41,18,9,11,11
50,42,18,10,6,10
50,43,1,4,8,1
50,44,2,8,5,2
50,45,4,9,3,4
50,46,11,9,14,14
50,47,16,13,9,13
50,48,7,1,10,1
50,49,14,11,17,14
50,50,18,5,15,5
51,1,14,5,17,14
51,2,17,14,10,10
51,3,1,3,7,1
51,4,2,18,16,16
51,5,17,12,14,17
51,6,8,13,14,8
51,7,7,2,1,1
51,8,11,3,13,3
51,9,7,2,13,2
51,10,13,15,5,15
51,11,11,12,1,11
51,12,4,3,8,4
51,13,15,8,18,15
51,14,18,5,12,5
51,15,8,18,2,2
51,16,3,11,6,11
51,17,3,10,9,10
51,18,14,16,7,14
51,19,6,2,3,2
51,20,12,8,14,14
51,21,2,15,4,4
51,22,6,3,14,3
51,23,15,10,13,10
51,24,11,12,2,2
51,25,11,13,7,11
51,26,16,11,10,11
51,27,4,7,1,4
51,28,18,15,9,15
51,29,8,18,13,13
51,30,15,17,3,15
51,31,1,4,14,1
51,32,8,12,16,16
51,33,4,6,9,9
51,34,12,2,9,2
51,35,10,14,11,10
51,36,12,5,1,1
51,37,10,16,13,16
51,38,3,15,17,3
51,39,5,4,9,9
51,40,6,17,10,10
51,41,18,9,11,11
51,42,18,10,6,10
51,43,1,4,8,4
51,44,2,8,5,2
51,45,4,9,3,4
51,46,11,9,14,11
51,47,16,13,9,9
51,48,7,1,10,10
51,49,14,11,17,11
51,50,18,5,15,15
52,1,14,5,17,5
52,2,17,14,10,10
52,3,1,3,7,3
52,4,2,18,16,2
52,5,17,12,14,17
52,6,8,13,14,8
52,7,7,2,1,2
52,8,11,3,13,3
52,9,7,2,13,2
52,10,13,15,5,5
52,11,11,12,1,1
52,12,4,3,8,4
52,13,15,8,18,15
52,14,18,5,12,5
52,15,8,18,2,2
52,16,3,11,6,3
52,17,3,10,9,3
52,18,14,16,7,7
52,19,6,2,3,3
52,20,12,8,14,8
52,21,2,15,4,2
52,22,6,3,14,6
52,23,15,10,13,15
52,24,11,12,2,2
52,25,11,13,7,13
52,26,16,11,10,10
52,27,4,7,1,1
52,28,18,15,9,15
52,29,8,18,13,13
52,30,15,17,3,3
52,31,1,4,14,4
52,32,8,12,16,16
52,33,4,6,9,9
52,34,12,2,9,2
52,35,10,14,11,11
52,36,12,5,1,1
52,37,10,16,13,13
52,38,3,15,17,3
52,39,5,4,9,5
52,40,6,17,10,6
52,41,18,9,11,18
52,42,18,10,6,6
52,43,1,4,8,1
52,44,2,8,5,2
52,45,4,9,3,4
52,46,11,9,14,11
52,47,16,13,9,16
52,48,7,1,10,7
52,49,14,11,17,17
52,50,18,5,15,15
53,1,14,5,17,5
53,2,17,14,10,14
53,3,1,3,7,1
53,4,2,18,16,2
53,5,17,12,14,14
53,6,8,13,14,8
53,7,7,2,1,1
53,8,11,3,13,11
53,9,7,2,13,13
53,10,13,15,5,13
53,11,11,12,1,1
53,12,4,3,8,3
53,13,15,8,18,8
53,14,18,5,12,12
53,15,8,18,2,8
53,16,3,11,6,11
53,17,3,10,9,3
53,18,14,16,7,7
53,19,6,2,3,2
53,20,12,8,14,12
53,21,2,15,4,4
53,22,6,3,14,3
53,23,15,10,13,10
53,24,11,12,2,11
53,25,11,13,7,11
53,26,16,11,10,10
53,27,4,7,1,1
53,28,18,15,9,9
53,29,8,18,13,13
53,30,15,17,3,3
53,31,1,4,14,14
53,32,8,12,16,8
53,33,4,6,9,9
53,34,12,2,9,2
53,35,10,14,11,11
53,36,12,5,1,1
53,37,10,16,13,10
53,38,3,15,17,15
53,39,5,4,9,9
53,40,6,17,10,10
53,41,18,9,11,11
53,42,18,10,6,10
53,43,1,4,8,1
53,44,2,8,5,8
53,45,4,9,3,4
53,46,11,9,14,11
53,47,16,13,9,13
53,48,7,1,10,1
53,49,14,11,17,11
53,50,18,5,15,15
54,1,14,5,17,5
54,2,17,14,10,10
54,3,1,3,7,1
54,4,2,18,16,16
54,5,17,12,14,12
54,6,8,13,14,8
54,7,7,2,1,1
54,8,11,3,13,11
54,9,7,2,13,2
54,10,13,15,5,5
54,11,11,12,1,1
54,12,4,3,8,3
54,13,15,8,18,18
54,14,18,5,12,12
54,15,8,18,2,2
54,16,3,11,6,6
54,17,3,10,9,10
54,18,14,16,7,16
54,19,6,2,3,2
54,20,12,8,14,12
54,21,2,15,4,2
54,22,6,3,14,3
54,23,15,10,13,10
54,24,11,12,2,12
54,25,11,13,7,11
54,26,16,11,10,11
54,27,4,7,1,1
54,28,18,15,9,18
54,29,8,18,13,18
54,30,15,17,3,3
54,31,1,4,14,1
54,32,8,12,16,12
54,33,4,6,9,6
54,34,12,2,9,2
54,35,10,14,11,11
54,36,12,5,1,12
54,37,10,16,13,16
54,38,3,15,17,15
54,39,5,4,9,9
54,40,6,17,10,6
54,41,18,9,11,18
54,42,18,10,6,6
54,43,1,4,8,4
54,44,2,8,5,5
54,45,4,9,3,3
54,46,11,9,14,11
54,47,16,13,9,9
54,48,7,1,10,10
54,49,14,11,17,11
54,50,18,5,15,5
55,1,14,5,17,5
55,2,17,14,10,10
55,3,1,3,7,3
55,4,2,18,16,2
55,5,17,12,14,12
55,6,8,13,14,8
55,7,7,2,1,2
55,8,11,3,13,11
55,9,7,2,13,2
55,10,13,15,5,5
55,11,11,12,1,11
55,12,4,3,8,3
55,13,15,8,18,15
55,14,18,5,12,12
55,15,8,18,2,2
55,16,3,11,6,3
55,17,3,10,9,9
55,18,14,16,7,7
55,19,6,2,3,2
55,20,12,8,14,12
55,21,2,15,4,2
55,22,6,3,14,3
55,23,15,10,13,15
55,24,11,12,2,2
55,25,11,13,7,7
55,26,16,11,10,11
55,27,4,7,1,7
55,28,18,15,9,9
55,29,8,18,13,8
55,30,15,17,3,3
55,31,1,4,14,1
55,32,8,12,16,12
55,33,4,6,9,9
55,34,12,2,9,2
55,35,10,14,11,11
55,36,12,5,1,1
55,37,10,16,13,10
55,38,3,15,17,3
55,39,5,4,9,4
55,40,6,17,10,10
55,41,18,9,11,9
55,42,18,10,6,10
55,43,1,4,8,1
55,44,2,8,5,2
55,45,4,9,3,9
55,46,11,9,14,11
55,47,16,13,9,9
55,48,7,1,10,1
55,49,14,11,17,11
55,50,18,5,15,5
56,1,14,5,17,17
56,2,17,14,10,17
56,3,1,3,7,1
56,4,2,18,16,2
56,5,17,12,14,12
56,6,8,13,14,13
56,7,7,2,1,7
56,8,11,3,13,3
56,9,7,2,13,7
56,10,13,15,5,5
56,11,11,12,1,11
56,12,4,3,8,4
56,13,15,8,18,8
56,14,18,5,12,5
56,15,8,18,2,2
56,16,3,11,6,6
56,17,3,10,9,10
56,18,14,16,7,7
56,19,6,2,3,6
56,20,12,8,14,12
56,21,2,15,4,2
56,22,6,3,14,6
56,23,15,10,13,13
56,24,11,12,2,11
56,25,11,13,7,11
56,26,16,11,10,11
56,27,4,7,1,1
56,28,18,15,9,9
56,29,8,18,13,18
56,30,15,17,3,17
56,31,1,4,14,1
56,32,8,12,16,8
56,33,4,6,9,9
56,34,12,2,9,12
56,35,10,14,11,11
56,36,12,5,1,1
56,37,10,16,13,13
56,38,3,15,17,17
56,39,5,4,9,5
56,40,6,17,10,6
56,41,18,9,11,11
56,42,18,10,6,6
56,43,1,4,8,1
56,44,2,8,5,8
56,45,4,9,3,9
56,46,11,9,14,14
56,47,16,13,9,9
56,48,7,1,10,1
56,49,14,11,17,17
56,50,18,5,15,18
57,1,14,5,17,14
57,2,17,14,10,17
57,3,1,3,7,1
57,4,2,18,16,2
57,5,17,12,14,17
57,6,8,13,14,13
57,7,7,2,1,2
57,8,11,3,13,11
57,9,7,2,13,2
57,10,13,15,5,13
57,11,11,12,1,1
57,12,4,3,8,4
57,13,15,8,18,15
57,14,18,5,12,18
57,15,8,18,2,2
57,16,3,11,6,11
57,17,3,10,9,3
57,18,14,16,7,14
57,19,6,2,3,2
57,20,12,8,14,14
57,21,2,15,4,2
57,22,6,3,14,3
57,23,15,10,13,15
57,24,11,12,2,2
57,25,11,13,7,11
57,26,16,11,10,16
57,27,4,7,1,4
57,28,18,15,9,9
57,29,8,18,13,8
57,30,15,17,3,3
57,31,1,4,14,4
57,32,8,12,16,8
57,33,4,6,9,4
57,34,12,2,9,2
57,35,10,14,11,14
57,36,12,5,1,1
57,37,10,16,13,16
57,38,3,15,17,3
57,39,5,4,9,5
57,40,6,17,10,6
57,41,18,9,11,11
57,42,18,10,6,18
57,43,1,4,8,1
57,44,2,8,5,8
57,45,4,9,3,4
57,46,11,9,14,11
57,47,16,13,9,16
57,48,7,1,10,1
57,49,14,11,17,14
57,50,18,5,15,15
58,1,14,5,17,5
58,2,17,14,10,10
58,3,1,3,7,1
58,4,2,18,16,16
58,5,17,12,14,12
58,6,8,13,14,8
58,7,7,2,1,1
58,8,11,3,13,13
58,9,7,2,13,2
58,10,13,15,5,5
58,11,11,12,1,1
58,12,4,3,8,3
58,13,15,8,18,8
58,14,18,5,12,5
58,15,8,18,2,8
58,16,3,11,6,3
58,17,3,10,9,10
58,18,14,16,7,7
58,19,6,2,3,3
58,20,12,8,14,8
58,21,2,15,4,15
58,22,6,3,14,3
58,23,15,10,13,10
58,24,11,12,2,2
58,25,11,13,7,11
58,26,16,11,10,10
58,27,4,7,1,1
58,28,18,15,9,9
58,29,8,18,13,8
58,30,15,17,3,3
58,31,1,4,14,1
58,32,8,12,16,12
58,33,4,6,9,6
58,34,12,2,9,9
58,35,10,14,11,10
58,36,12,5,1,1
58,37,10,16,13,10
58,38,3,15,17,3
58,39,5,4,9,9
58,40,6,17,10,10
58,41,18,9,11,9
58,42,18,10,6,10
58,43,1,4,8,1
58,44,2,8,5,2
58,45,4,9,3,9
58,46,11,9,14,9
58,47,16,13,9,9
58,48,7,1,10,1
58,49,14,11,17,14
58,50,18,5,15,5
59,1,14,5,17,5
59,2,17,14,10,14
59,3,1,3,7,7
59,4,2,18,16,2
59,5,17,12,14,12
59,6,8,13,14,8
59,7,7,2,1,1
59,8,11,3,13,11
59,9,7,2,13,7
59,10,13,15,5,15
59,11,11,12,1,1
59,12,4,3,8,4
59,13,15,8,18,8
59,14,18,5,12,12
59,15,8,18,2,18
59,16,3,11,6,6
59,17,3,10,9,9
59,18,14,16,7,7
59,19,6,2,3,6
59,20,12,8,14,12
59,21,2,15,4,2
59,22,6,3,14,6
59,23,15,10,13,13
59,24,11,12,2,12
59,25,11,13,7,7
59,26,16,11,10,11
59,27,4,7,1,1
59,28,18,15,9,9
59,29,8,18,13,13
59,30,15,17,3,17
59,31,1,4,14,4
59,32,8,12,16,12
59,33,4,6,9,4
59,34,12,2,9,9
59,35,10,14,11,11
59,36,12,5,1,1
59,37,10,16,13,13
59,38,3,15,17,15
59,39,5,4,9,5
59,40,6,17,10,6
59,41,18,9,11,9
59,42,18,10,6,6
59,43,1,4,8,4
59,44,2,8,5,2
59,45,4,9,3,3
59,46,11,9,14,9
59,47,16,13,9,13
59,48,7,1,10,1
59,49,14,11,17,11
59,50,18,5,15,5
60,1,14,5,17,14
60,2,17,14,10,10
60,3,1,3,7,1
60,4,2,18,16,2
60,5,17,12,14,17
60,6,8,13,14,14
60,7,7,2,1,1
60,8,11,3,13,11
60,9,7,2,13,2
60,10,13,15,5,15
60,11,11,12,1,1
60,12,4,3,8,4
60,13,15,8,18,15
60,14,18,5,12,18
60,15,8,18,2,2
60,16,3,11,6,11
60,17,3,10,9,10
60,18,14,16,7,14
60,19,6,2,3,2
60,20,12,8,14,14
60,21,2,15,4,2
60,22,6,3,14,14
60,23,15,10,13,10
60,24,11,12,2,11
60,25,11,13,7,11
60,26,16,11,10,11
60,27,4,7,1,1
60,28,18,15,9,15
60,29,8,18,13,13
60,30,15,17,3,15
60,31,1,4,14,1
60,32,8,12,16,16
60,33,4,6,9,4
60,34,12,2,9,2
60,35,10,14,11,10
60,36,12,5,1,1
60,37,10,16,13,10
60,38,3,15,17,15
60,39,5,4,9,4
60,40,6,17,10,17
60,41,18,9,11,11
60,42,18,10,6,10
60,43,1,4,8,1
60,44,2,8,5,2
60,45,4,9,3,9
60,46,11,9,14,14
60,47,16,13,9,9
60,48,7,1,10,10
60,49,14,11,17,14
60,50,18,5,15,15
61,1,14,5,17,5
61,2,17,14,10,10
61,3,1,3,7,1
61,4,2,18,16,2
61,5,17,12,14,14
61,6,8,13,14,13
61,7,7,2,1,2
61,8,11,3,13,3
61,9,7,2,13,2
61,10,13,15,5,15
61,11,11,12,1,1
61,12,4,3,8,4
61,13,15,8,18,8
61,14,18,5,12,12
61,15,8,18,2,2
61,16,3,11,6,3
61,17,3,10,9,10
61,18,14,16,7,14
61,19,6,2,3,2
61,20,12,8,14,12
61,21,2,15,4,4
61,22,6,3,14,3
61,23,15,10,13,15
61,24,11,12,2,2
61,25,11,13,7,13
61,26,16,11,10,10
61,27,4,7,1,1
61,28,18,15,9,15
61,29,8,18,13,8
61,30,15,17,3,3
61,31,1,4,14,4
61,32,8,12,16,8
61,33,4,6,9,4
61,34,12,2,9,12
61,35,10,14,11,14
61,36,12,5,1,1
61,37,10,16,13,10
61,38,3,15,17,15
61,39,5,4,9,5
61,40,6,17,10,10
61,41,18,9,11,9
61,42,18,10,6,6
61,43,1,4,8,4
61,44,2,8,5,2
61,45,4,9,3,3
61,46,11,9,14,14
61,47,16,13,9,13
61,48,7,1,10,7
61,49,14,11,17,14
61,50,18,5,15,15
62,1,14,5,17,17
62,2,17,14,10,14
62,3,1,3,7,3
62,4,2,18,16,2
62,5,17,12,14,17
62,6,8,13,14,8
62,7,7,2,1,1
62,8,11,3,13,3
62,9,7,2,13,2
62,10,13,15,5,15
62,11,11,12,1,1
62,12,4,3,8,4
62,13,15,8,18,15
62,14,18,5,12,12
62,15,8,18,2,2
62,16,3,11,6,3
62,17,3,10,9,3
62,18,14,16,7,14
62,19,6,2,3,2
62,20,12,8,14,12
62,21,2,15,4,2
62,22,6,3,14,3
62,23,15,10,13,15
62,24,11,12,2,12
62,25,11,13,7,11
62,26,16,11,10,11
62,27,4,7,1,4
62,28,18,15,9,15
62,29,8,18,13,18
62,30,15,17,3,15
62,31,1,4,14,1
62,32,8,12,16,12
62,33,4,6,9,4
62,34,12,2,9,12
62,35,10,14,11,11
62,36,12,5,1,1
62,37,10,16,13,10
62,38,3,15,17,15
62,39,5,4,9,4
62,40,6,17,10,6
62,41,18,9,11,18
62,42,18,10,6,18
62,43,1,4,8,4
62,44,2,8,5,2
62,45,4,9,3,4
62,46,11,9,14,14
62,47,16,13,9,9
62,48,7,1,10,1
62,49,14,11,17,14
62,50,18,5,15,15
63,1,14,5,17,14
63,2,17,14,10,10
63,3,1,3,7,7
63,4,2,18,16,2
63,5,17,12,14,14
63,6,8,13,14,14
63,7,7,2,1,7
63,8,11,3,13,3
63,9,7,2,13,2
63,10,13,15,5,5
63,11,11,12,1,1
63,12,4,3,8,3
63,13,15,8,18,15
63,14,18,5,12,5
63,15,8,18,2,18
63,16,3,11,6,6
63,17,3,10,9,3
63,18,14,16,7,14
63,19,6,2,3,3
63,20,12,8,14,12
63,21,2,15,4,4
63,22,6,3,14,3
63,23,15,10,13,15
63,24,11,12,2,2
63,25,11,13,7,7
63,26,16,11,10,10
63,27,4,7,1,4
63,28,18,15,9,18
63,29,8,18,13,18
63,30,15,17,3,15
63,31,1,4,14,4
63,32,8,12,16,8
63,33,4,6,9,4
63,34,12,2,9,9
63,35,10,14,11,10
63,36,12,5,1,5
63,37,10,16,13,10
63,38,3,15,17,15
63,39,5,4,9,4
63,40,6,17,10,17
63,41,18,9,11,18
63,42,18,10,6,18
63,43,1,4,8,4
63,44,2,8,5,5
63,45,4,9,3,3
63,46,11,9,14,14
63,47,16,13,9,16
63,48,7,1,10,1
63,49,14,11,17,14
63,50,18,5,15,18
64,1,14,5,17,14
64,2,17,14,10,14
64,3,1,3,7,1
64,4,2,18,16,2
64,5,17,12,14,14
64,6,8,13,14,14
64,7,7,2,1,1
64,8,11,3,13,13
64,9,7,2,13,2
64,10,13,15,5,15
64,11,11,12,1,1
64,12,4,3,8,8
64,13,15,8,18,8
64,14,18,5,12,5
64,15,8,18,2,2
64,16,3,11,6,11
64,17,3,10,9,10
64,18,14,16,7,16
64,19,6,2,3,2
64,20,12,8,14,14
64,21,2,15,4,2
64,22,6,3,14,14
64,23,15,10,13,15
64,24,11,12,2,2
64,25,11,13,7,13
64,26,16,11,10,16
64,27,4,7,1,4
64,28,18,15,9,15
64,29,8,18,13,13
64,30,15,17,3,3
64,31,1,4,14,1
64,32,8,12,16,16
64,33,4,6,9,9
64,34,12,2,9,2
64,35,10,14,11,14
64,36,12,5,1,1
64,37,10,16,13,16
64,38,3,15,17,15
64,39,5,4,9,9
64,40,6,17,10,6
64,41,18,9,11,9
64,42,18,10,6,6
64,43,1,4,8,1
64,44,2,8,5,2
64,45,4,9,3,4
64,46,11,9,14,14
64,47,16,13,9,16
64,48,7,1,10,1
64,49,14,11,17,14
64,50,18,5,15,15
65,1,14,5,17,14
65,2,17,14,10,14
65,3,1,3,7,1
65,4,2,18,16,2
65,5,17,12,14,14
65,6,8,13,14,8
65,7,7,2,1,1
65,8,11,3,13,3
65,9,7,2,13,2
65,10,13,15,5,15
65,11,11,12,1,1
65,12,4,3,8,4
65,13,15,8,18,15
65,14,18,5,12,18
65,15,8,18,2,2
65,16,3,11,6,3
65,17,3,10,9,3
65,18,14,16,7,14
65,19,6,2,3,2
65,20,12,8,14,14
65,21,2,15,4,4
65,22,6,3,14,14
65,23,15,10,13,15
65,24,11,12,2,2
65,25,11,13,7,13
65,26,16,11,10,16
65,27,4,7,1,1
65,28,18,15,9,15
65,29,8,18,13,18
65,30,15,17,3,15
65,31,1,4,14,1
65,32,8,12,16,16
65,33,4,6,9,4
65,34,12,2,9,2
65,35,10,14,11,14
65,36,12,5,1,1
65,37,10,16,13,10
65,38,3,15,17,3
65,39,5,4,9,4
65,40,6,17,10,10
65,41,18,9,11,11
65,42,18,10,6,10
65,43,1,4,8,4
65,44,2,8,5,2
65,45,4,9,3,4
65,46,11,9,14,9
65,47,16,13,9,9
65,48,7,1,10,1
65,49,14,11,17,14
65,50,18,5,15,15
66,1,14,5,17,14
66,2,17,14,10,10
66,3,1,3,7,1
66,4,2,18,16,18
66,5,17,12,14,14
66,6,8,13,14,8
66,7,7,2,1,2
66,8,11,3,13,11
66,9,7,2,13,2
66,10,13,15,5,15
66,11,11,12,1,1
66,12,4,3,8,4
66,13,15,8,18,18
66,14,18,5,12,12
66,15,8,18,2,2
66,16,3,11,6,11
66,17,3,10,9,10
66,18,14,16,7,14
66,19,6,2,3,2
66,20,12,8,14,12
66,21,2,15,4,2
66,22,6,3,14,14
66,23,15,10,13,15
66,24,11,12,2,2
66,25,11,13,7,11
66,26,16,11,10,11
66,27,4,7,1,4
66,28,18,15,9,18
66,29,8,18,13,8
66,30,15,17,3,15
66,31,1,4,14,14
66,32,8,12,16,8
66,33,4,6,9,4
66,34,12,2,9,2
66,35,10,14,11,14
66,36,12,5,1,1
66,37,10,16,13,10
66,38,3,15,17,15
66,39,5,4,9,9
66,40,6,17,10,10
66,41,18,9,11,18
66,42,18,10,6,18
66,43,1,4,8,4
66,44,2,8,5,2
66,45,4,9,3,4
66,46,11,9,14,9
66,47,16,13,9,16
66,48,7,1,10,1
66,49,14,11,17,14
66,50,18,5,15,15
67,1,14,5,17,17
67,2,17,14,10,10
67,3,1,3,7,3
67,4,2,18,16,18
67,5,17,12,14,14
67,6,8,13,14,8
67,7,7,2,1,2
67,8,11,3,13,3
67,9,7,2,13,2
67,10,13,15,5,15
67,11,11,12,1,1
67,12,4,3,8,4
67,13,15,8,18,15
67,14,18,5,12,18
67,15,8,18,2,2
67,16,3,11,6,3
67,17,3,10,9,3
67,18,14,16,7,7
67,19,6,2,3,2
67,20,12,8,14,12
67,21,2,15,4,2
67,22,6,3,14,14
67,23,15,10,13,15
67,24,11,12,2,2
67,25,11,13,7,7
67,26,16,11,10,10
67,27,4,7,1,1
67,28,18,15,9,9
67,29,8,18,13,18
67,30,15,17,3,3
67,31,1,4,14,1
67,32,8,12,16,8
67,33,4,6,9,4
67,34,12,2,9,2
67,35,10,14,11,14
67,36,12,5,1,1
67,37,10,16,13,10
67,38,3,15,17,3
67,39,5,4,9,4
67,40,6,17,10,10
67,41,18,9,11,18
67,42,18,10,6,18
67,43,1,4,8,4
67,44,2,8,5,2
67,45,4,9,3,4
67,46,11,9,14,14
67,47,16,13,9,13
67,48,7,1,10,1
67,49,14,11,17,14
67,50,18,5,15,15
68,1,14,5,17,17
68,2,17,14,10,14
68,3,1,3,7,3
68,4,2,18,16,2
68,5,17,12,14,12
68,6,8,13,14,14
68,7,7,2,1,2
68,8,11,3,13,3
68,9,7,2,13,7
68,10,13,15,5,15
68,11,11,12,1,12
68,12,4,3,8,8
68,13,15,8,18,8
68,14,18,5,12,5
68,15,8,18,2,8
68,16,3,11,6,3
68,17,3,10,9,10
68,18,14,16,7,16
68,19,6,2,3,3
68,20,12,8,14,8
68,21,2,15,4,4
68,22,6,3,14,3
68,23,15,10,13,15
68,24,11,12,2,12
68,25,11,13,7,7
68,26,16,11,10,10
68,27,4,7,1,4
68,28,18,15,9,15
68,29,8,18,13,8
68,30,15,17,3,15
68,31,1,4,14,14
68,32,8,12,16,12
68,33,4,6,9,4
68,34,12,2,9,12
68,35,10,14,11,10
68,36,12,5,1,5
68,37,10,16,13,10
68,38,3,15,17,3
68,39,5,4,9,5
68,40,6,17,10,10
68,41,18,9,11,18
68,42,18,10,6,18
68,43,1,4,8,4
68,44,2,8,5,5
68,45,4,9,3,4
68,46,11,9,14,14
68,47,16,13,9,16
68,48,7,1,10,10
68,49,14,11,17,14
68,50,18,5,15,15
69,1,14,5,17,17
69,2,17,14,10,10
69,3,1,3,7,3
69,4,2,18,16,16
69,5,17,12,14,17
69,6,8,13,14,14
69,7,7,2,1,2
69,8,11,3,13,3
69,9,7,2,13,2
69,10,13,15,5,15
69,11,11,12,1,12
69,12,4,3,8,3
69,13,15,8,18,15
69,14,18,5,12,12
69,15,8,18,2,2
69,16,3,11,6,3
69,17,3,10,9,10
69,18,14,16,7,16
69,19,6,2,3,2
69,20,12,8,14,8
69,21,2,15,4,15
69,22,6,3,14,3
69,23,15,10,13,13
69,24,11,12,2,12
69,25,11,13,7,13
69,26,16,11,10,10
69,27,4,7,1,7
69,28,18,15,9,15
69,29,8,18,13,18
69,30,15,17,3,3
69,31,1,4,14,4
69,32,8,12,16,12
69,33,4,6,9,4
69,34,12,2,9,2
69,35,10,14,11,10
69,36,12,5,1,12
69,37,10,16,13,16
69,38,3,15,17,15
69,39,5,4,9,4
69,40,6,17,10,10
69,41,18,9,11,11
69,42,18,10,6,10
69,43,1,4,8,4
69,44,2,8,5,2
69,45,4,9,3,4
69,46,11,9,14,14
69,47,16,13,9,16
69,48,7,1,10,10
69,49,14,11,17,17
69,50,18,5,15,15
70,1,14,5,17,17
70,2,17,14,10,14
70,3,1,3,7,1
70,4,2,18,16,16
70,5,17,12,14,14
70,6,8,13,14,8
70,7,7,2,1,2
70,8,11,3,13,11
70,9,7,2,13,13
70,10,13,15,5,15
70,11,11,12,1,1
70,12,4,3,8,4
70,13,15,8,18,15
70,14,18,5,12,18
70,15,8,18,2,8
70,16,3,11,6,6
70,17,3,10,9,10
70,18,14,16,7,14
70,19,6,2,3,6
70,20,12,8,14,14
70,21,2,15,4,4
70,22,6,3,14,6
70,23,15,10,13,15
70,24,11,12,2,11
70,25,11,13,7,11
70,26,16,11,10,16
70,27,4,7,1,1
70,28,18,15,9,15
70,29,8,18,13,13
70,30,15,17,3,15
70,31,1,4,14,14
70,32,8,12,16,16
70,33,4,6,9,4
70,34,12,2,9,2
70,35,10,14,11,14
70,36,12,5,1,1
70,37,10,16,13,16
70,38,3,15,17,17
70,39,5,4,9,4
70,40,6,17,10,6
70,41,18,9,11,18
70,42,18,10,6,18
70,43,1,4,8,8
70,44,2,8,5,8
70,45,4,9,3,4
70,46,11,9,14,14
70,47,16,13,9,16
70,48,7,1,10,10
70,49,14,11,17,14
70,50,18,5,15,15
71,1,14,5,17,5
71,2,17,14,10,14
71,3,1,3,7,3
71,4,2,18,16,2
71,5,17,12,14,12
71,6,8,13,14,14
71,7,7,2,1,2
71,8,11,3,13,3
71,9,7,2,13,13
71,10,13,15,5,15
71,11,11,12,1,1
71,12,4,3,8,8
71,13,15,8,18,15
71,14,18,5,12,18
71,15,8,18,2,18
71,16,3,11,6,3
71,17,3,10,9,3
71,18,14,16,7,14
71,19,6,2,3,3
71,20,12,8,14,8
71,21,2,15,4,15
71,22,6,3,14,3
71,23,15,10,13,15
71,24,11,12,2,2
71,25,11,13,7,7
71,26,16,11,10,10
71,27,4,7,1,1
71,28,18,15,9,15
71,29,8,18,13,18
71,30,15,17,3,15
71,31,1,4,14,14
71,32,8,12,16,12
71,33,4,6,9,4
71,34,12,2,9,2
71,35,10,14,11,14
71,36,12,5,1,1
71,37,10,16,13,10
71,38,3,15,17,15
71,39,5,4,9,5
71,40,6,17,10,10
71,41,18,9,11,18
71,42,18,10,6,18
71,43,1,4,8,8
71,44,2,8,5,2
71,45,4,9,3,3
71,46,11,9,14,11
71,47,16,13,9,13
71,48,7,1,10,1
71,49,14,11,17,14
71,50,18,5,15,5
72,1,14,5,17,14
72,2,17,14,10,17
72,3,1,3,7,3
72,4,2,18,16,16
72,5,17,12,14,14
72,6,8,13,14,14
72,7,7,2,1,2
72,8,11,3,13,3
72,9,7,2,13,2
72,10,13,15,5,15
72,11,11,12,1,1
72,12,4,3,8,3
72,13,15,8,18,18
72,14,18,5,12,18
72,15,8,18,2,18
72,16,3,11,6,6
72,17,3,10,9,9
72,18,14,16,7,16
72,19,6,2,3,2
72,20,12,8,14,8
72,21,2,15,4,2
72,22,6,3,14,14
72,23,15,10,13,15
72,24,11,12,2,2
72,25,11,13,7,7
72,26,16,11,10,16
72,27,4,7,1,4
72,28,18,15,9,9
72,29,8,18,13,18
72,30,15,17,3,3
72,31,1,4,14,4
72,32,8,12,16,8
72,33,4,6,9,6
72,34,12,2,9,2
72,35,10,14,11,14
72,36,12,5,1,1
72,37,10,16,13,16
72,38,3,15,17,3
72,39,5,4,9,5
72,40,6,17,10,17
72,41,18,9,11,18
72,42,18,10,6,6
72,43,1,4,8,4
72,44,2,8,5,5
72,45,4,9,3,4
72,46,11,9,14,14
72,47,16,13,9,16
72,48,7,1,10,1
72,49,14,11,17,14
72,50,18,5,15,15
73,1,14,5,17,17
73,2,17,14,10,17
73,3,1,3,7,3
73,4,2,18,16,16
73,5,17,12,14,12
73,6,8,13,14,13
73,7,7,2,1,2
73,8,11,3,13,3
73,9,7,2,13,2
73,10,13,15,5,15
73,11,11,12,1,11
73,12,4,3,8,4
73,13,15,8,18,18
73,14,18,5,12,18
73,15,8,18,2,18
73,16,3,11,6,11
73,17,3,10,9,3
73,18,14,16,7,16
73,19,6,2,3,3
73,20,12,8,14,12
73,21,2,15,4,15
73,22,6,3,14,6
73,23,15,10,13,13
73,24,11,12,2,2
73,25,11,13,7,7
73,26,16,11,10,11
73,27,4,7,1,4
73,28,18,15,9,9
73,29,8,18,13,18
73,30,15,17,3,3
73,31,1,4,14,4
73,32,8,12,16,16
73,33,4,6,9,6
73,34,12,2,9,2
73,35,10,14,11,14
73,36,12,5,1,12
73,37,10,16,13,16
73,38,3,15,17,3
73,39,5,4,9,4
73,40,6,17,10,10
73,41,18,9,11,9
73,42,18,10,6,18
73,43,1,4,8,4
73,44,2,8,5,2
73,45,4,9,3,3
73,46,11,9,14,11
73,47,16,13,9,9
73,48,7,1,10,10
73,49,14,11,17,11
73,50,18,5,15,15
74,1,14,5,17,14
74,2,17,14,10,14
74,3,1,3,7,7
74,4,2,18,16,16
74,5,17,12,14,14
74,6,8,13,14,14
74,7,7,2,1,7
74,8,11,3,13,3
74,9,7,2,13,13
74,10,13,15,5,13
74,11,11,12,1,11
74,12,4,3,8,3
74,13,15,8,18,15
74,14,18,5,12,5
74,15,8,18,2,8
74,16,3,11,6,6
74,17,3,10,9,10
74,18,14,16,7,14
74,19,6,2,3,6
74,20,12,8,14,14
74,21,2,15,4,15
74,22,6,3,14,14
74,23,15,10,13,13
74,24,11,12,2,11
74,25,11,13,7,7
74,26,16,11,10,10
74,27,4,7,1,7
74,28,18,15,9,9
74,29,8,18,13,13
74,30,15,17,3,17
74,31,1,4,14,14
74,32,8,12,16,16
74,33,4,6,9,4
74,34,12,2,9,9
74,35,10,14,11,14
74,36,12,5,1,1
74,37,10,16,13,13
74,38,3,15,17,3
74,39,5,4,9,9
74,40,6,17,10,17
74,41,18,9,11,18
74,42,18,10,6,10
74,43,1,4,8,8
74,44,2,8,5,8
74,45,4,9,3,9
74,46,11,9,14,14
74,47,16,13,9,13
74,48,7,1,10,7
74,49,14,11,17,14
74,50,18,5,15,15
75,1,14,5,17,14
75,2,17,14,10,14
75,3,1,3,7,1
75,4,2,18,16,2
75,5,17,12,14,14
75,6,8,13,14,14
75,7,7,2,1,2
75,8,11,3,13,3
75,9,7,2,13,2
75,10,13,15,5,15
75,11,11,12,1,1
75,12,4,3,8,4
75,13,15,8,18,15
75,14,18,5,12,18
75,15,8,18,2,2
75,16,3,11,6,11
75,17,3,10,9,10
75,18,14,16,7,14
75,19,6,2,3,2
75,20,12,8,14,14
75,21,2,15,4,15
75,22,6,3,14,14
75,23,15,10,13,10
75,24,11,12,2,2
75,25,11,13,7,13
75,26,16,11,10,10
75,27,4,7,1,1
75,28,18,15,9,15
75,29,8,18,13,18
75,30,15,17,3,15
75,31,1,4,14,1
75,32,8,12,16,16
75,33,4,6,9,4
75,34,12,2,9,2
75,35,10,14,11,10
75,36,12,5,1,1
75,37,10,16,13,10
75,38,3,15,17,15
75,39,5,4,9,4
75,40,6,17,10,10
75,41,18,9,11,9
75,42,18,10,6,10
75,43,1,4,8,1
75,44,2,8,5,2
75,45,4,9,3,4
75,46,11,9,14,14
75,47,16,13,9,9
75,48,7,1,10,10
75,49,14,11,17,14
75,50,18,5,15,15
76,1,14,5,17,17
76,2,17,14,10,14
76,3,1,3,7,1
76,4,2,18,16,16
76,5,17,12,14,14
76,6,8,13,14,14
76,7,7,2,1,2
76,8,11,3,13,11
76,9,7,2,13,2
76,10,13,15,5,15
76,11,11,12,1,11
76,12,4,3,8,4
76,13,15,8,18,15
76,14,18,5,12,18
76,15,8,18,2,2
76,16,3,11,6,11
76,17,3,10,9,9
76,18,14,16,7,16
76,19,6,2,3,2
76,20,12,8,14,14
76,21,2,15,4,15
76,22,6,3,14,14
76,23,15,10,13,15
76,24,11,12,2,11
76,25,11,13,7,7
76,26,16,11,10,16
76,27,4,7,1,1
76,28,18,15,9,15
76,29,8,18,13,13
76,30,15,17,3,15
76,31,1,4,14,14
76,32,8,12,16,16
76,33,4,6,9,9
76,34,12,2,9,2
76,35,10,14,11,10
76,36,12,5,1,12
76,37,10,16,13,16
76,38,3,15,17,15
76,39,5,4,9,4
76,40,6,17,10,10
76,41,18,9,11,11
76,42,18,10,6,18
76,43,1,4,8,8
76,44,2,8,5,2
76,45,4,9,3,3
76,46,11,9,14,9
76,47,16,13,9,16
76,48,7,1,10,10
76,49,14,11,17,11
76,50,18,5,15,15
77,1,14,5,17,14
77,2,17,14,10,14
77,3,1,3,7,1
77,4,2,18,16,2
77,5,17,12,14,12
77,6,8,13,14,14
77,7,7,2,1,1
77,8,11,3,13,11
77,9,7,2,13,2
77,10,13,15,5,5
77,11,11,12,1,1
77,12,4,3,8,4
77,13,15,8,18,18
77,14,18,5,12,5
77,15,8,18,2,2
77,16,3,11,6,3
77,17,3,10,9,10
77,18,14,16,7,14
77,19,6,2,3,2
77,20,12,8,14,8
77,21,2,15,4,2
77,22,6,3,14,14
77,23,15,10,13,15
77,24,11,12,2,2
77,25,11,13,7,11
77,26,16,11,10,10
77,27,4,7,1,4
77,28,18,15,9,15
77,29,8,18,13,18
77,30,15,17,3,15
77,31,1,4,14,4
77,32,8,12,16,12
77,33,4,6,9,4
77,34,12,2,9,2
77,35,10,14,11,10
77,36,12,5,1,1
77,37,10,16,13,10
77,38,3,15,17,15
77,39,5,4,9,5
77,40,6,17,10,10
77,41,18,9,11,18
77,42,18,10,6,10
77,43,1,4,8,4
77,44,2,8,5,8
77,45,4,9,3,4
77,46,11,9,14,14
77,47,16,13,9,13
77,48,7,1,10,1
77,49,14,11,17,14
77,50,18,5,15,15
78,1,14,5,17,14
78,2,17,14,10,10
78,3,1,3,7,3
78,4,2,18,16,2
78,5,17,12,14,14
78,6,8,13,14,14
78,7,7,2,1,1
78,8,11,3,13,11
78,9,7,2,13,2
78,10,13,15,5,15
78,11,11,12,1,11
78,12,4,3,8,8
78,13,15,8,18,15
78,14,18,5,12,5
78,15,8,18,2,2
78,16,3,11,6,11
78,17,3,10,9,9
78,18,14,16,7,14
78,19,6,2,3,2
78,20,12,8,14,14
78,21,2,15,4,2
78,22,6,3,14,3
78,23,15,10,13,15
78,24,11,12,2,2
78,25,11,13,7,11
78,26,16,11,10,11
78,27,4,7,1,1
78,28,18,15,9,15
78,29,8,18,13,8
78,30,15,17,3,15
78,31,1,4,14,14
78,32,8,12,16,8
78,33,4,6,9,4
78,34,12,2,9,2
78,35,10,14,11,11
78,36,12,5,1,1
78,37,10,16,13,16
78,38,3,15,17,15
78,39,5,4,9,4
78,40,6,17,10,10
78,41,18,9,11,11
78,42,18,10,6,10
78,43,1,4,8,1
78,44,2,8,5,2
78,45,4,9,3,3
78,46,11,9,14,14
78,47,16,13,9,9
78,48,7,1,10,1
78,49,14,11,17,14
78,50,18,5,15,15
79,1,14,5,17,14
79,2,17,14,10,14
79,3,1,3,7,1
79,4,2,18,16,2
79,5,17,12,14,14
79,6,8,13,14,14
79,7,7,2,1,1
79,8,11,3,13,3
79,9,7,2,13,2
79,10,13,15,5,15
79,11,11,12,1,1
79,12,4,3,8,8
79,13,15,8,18,15
79,14,18,5,12,18
79,15,8,18,2,2
79,16,3,11,6,3
79,17,3,10,9,3
79,18,14,16,7,14
79,19,6,2,3,2
79,20,12,8,14,14
79,21,2,15,4,2
79,22,6,3,14,14
79,23,15,10,13,15
79,24,11,12,2,2
79,25,11,13,7,7
79,26,16,11,10,10
79,27,4,7,1,1
79,28,18,15,9,15
79,29,8,18,13,18
79,30,15,17,3,15
79,31,1,4,14,1
79,32,8,12,16,8
79,33,4,6,9,9
79,34,12,2,9,2
79,35,10,14,11,14
79,36,12,5,1,1
79,37,10,16,13,16
79,38,3,15,17,15
79,39,5,4,9,4
79,40,6,17,10,6
79,41,18,9,11,18
79,42,18,10,6,6
79,43,1,4,8,1
79,44,2,8,5,2
79,45,4,9,3,3
79,46,11,9,14,14
79,47,16,13,9,16
79,48,7,1,10,1
79,49,14,11,17,14
79,50,18,5,15,15
80,1,14,5,17,14
80,2,17,14,10,10
80,3,1,3,7,1
80,4,2,18,16,2
80,5,17,12,14,14
80,6,8,13,14,13
80,7,7,2,1,2
80,8,11,3,13,3
80,9,7,2,13,13
80,10,13,15,5,15
80,11,11,12,1,1
80,12,4,3,8,4
80,13,15,8,18,15
80,14,18,5,12,12
80,15,8,18,2,2
80,16,3,11,6,3
80,17,3,10,9,3
80,18,14,16,7,14
80,19,6,2,3,2
80,20,12,8,14,14
80,21,2,15,4,15
80,22,6,3,14,14
80,23,15,10,13,13
80,24,11,12,2,2
80,25,11,13,7,13
80,26,16,11,10,16
80,27,4,7,1,1
80,28,18,15,9,15
80,29,8,18,13,13
80,30,15,17,3,17
80,31,1,4,14,4
80,32,8,12,16,16
80,33,4,6,9,4
80,34,12,2,9,2
80,35,10,14,11,14
80,36,12,5,1,1
80,37,10,16,13,10
80,38,3,15,17,15
80,39,5,4,9,4
80,40,6,17,10,6
80,41,18,9,11,18
80,42,18,10,6,10
80,43,1,4,8,1
80,44,2,8,5,2
80,45,4,9,3,4
80,46,11,9,14,14
80,47,16,13,9,16
80,48,7,1,10,1
80,49,14,11,17,14
80,50,18,5,15,15
81,1,14,5,17,14
81,2,17,14,10,10
81,3,1,3,7,1
81,4,2,18,16,16
81,5,17,12,14,14
81,6,8,13,14,8
81,7,7,2,1,1
81,8,11,3,13,11
81,9,7,2,13,2
81,10,13,15,5,15
81,11,11,12,1,1
81,12,4,3,8,8
81,13,15,8,18,15
81,14,18,5,12,12
81,15,8,18,2,2
81,16,3,11,6,11
81,17,3,10,9,9
81,18,14,16,7,7
81,19,6,2,3,2
81,20,12,8,14,12
81,21,2,15,4,4
81,22,6,3,14,14
81,23,15,10,13,15
81,24,11,12,2,2
81,25,11,13,7,11
81,26,16,11,10,16
81,27,4,7,1,4
81,28,18,15,9,15
81,29,8,18,13,8
81,30,15,17,3,15
81,31,1,4,14,1
81,32,8,12,16,16
81,33,4,6,9,4
81,34,12,2,9,9
81,35,10,14,11,11
81,36,12,5,1,1
81,37,10,16,13,16
81,38,3,15,17,15
81,39,5,4,9,4
81,40,6,17,10,10
81,41,18,9,11,11
81,42,18,10,6,18
81,43,1,4,8,8
81,44,2,8,5,5
81,45,4,9,3,9
81,46,11,9,14,11
81,47,16,13,9,16
81,48,7,1,10,1
81,49,14,11,17,11
81,50,18,5,15,15
82,1,14,5,17,17
82,2,17,14,10,10
82,3,1,3,7,1
82,4,2,18,16,2
82,5,17,12,14,17
82,6,8,13,14,13
82,7,7,2,1,1
82,8,11,3,13,11
82,9,7,2,13,2
82,10,13,15,5,5
82,11,11,12,1,11
82,12,4,3,8,3
82,13,15,8,18,15
82,14,18,5,12,12
82,15,8,18,2,8
82,16,3,11,6,11
82,17,3,10,9,3
82,18,14,16,7,16
82,19,6,2,3,3
82,20,12,8,14,8
82,21,2,15,4,4
82,22,6,3,14,14
82,23,15,10,13,13
82,24,11,12,2,11
82,25,11,13,7,13
82,26,16,11,10,10
82,27,4,7,1,4
82,28,18,15,9,15
82,29,8,18,13,8
82,30,15,17,3,15
82,31,1,4,14,4
82,32,8,12,16,16
82,33,4,6,9,4
82,34,12,2,9,2
82,35,10,14,11,14
82,36,12,5,1,1
82,37,10,16,13,13
82,38,3,15,17,15
82,39,5,4,9,4
82,40,6,17,10,10
82,41,18,9,11,11
82,42,18,10,6,10
82,43,1,4,8,1
82,44,2,8,5,8
82,45,4,9,3,3
82,46,11,9,14,11
82,47,16,13,9,13
82,48,7,1,10,1
82,49,14,11,17,11
82,50,18,5,15,15
83,1,14,5,17,14
83,2,17,14,10,14
83,3,1,3,7,3
83,4,2,18,16,2
83,5,17,12,14,14
83,6,8,13,14,14
83,7,7,2,1,2
83,8,11,3,13,3
83,9,7,2,13,2
83,10,13,15,5,15
83,11,11,12,1,1
83,12,4,3,8,3
83,13,15,8,18,8
83,14,18,5,12,5
83,15,8,18,2,2
83,16,3,11,6,11
83,17,3,10,9,9
83,18,14,16,7,14
83,19,6,2,3,3
83,20,12,8,14,14
83,21,2,15,4,15
83,22,6,3,14,14
83,23,15,10,13,15
83,24,11,12,2,2
83,25,11,13,7,11
83,26,16,11,10,11
83,27,4,7,1,1
83,28,18,15,9,9
83,29,8,18,13,8
83,30,15,17,3,15
83,31,1,4,14,14
83,32,8,12,16,16
83,33,4,6,9,6
83,34,12,2,9,2
83,35,10,14,11,11
83,36,12,5,1,1
83,37,10,16,13,13
83,38,3,15,17,3
83,39,5,4,9,9
83,40,6,17,10,10
83,41,18,9,11,11
83,42,18,10,6,6
83,43,1,4,8,1
83,44,2,8,5,2
83,45,4,9,3,3
83,46,11,9,14,14
83,47,16,13,9,16
83,48,7,1,10,1
83,49,14,11,17,14
83,50,18,5,15,15
84,1,14,5,17,5
84,2,17,14,10,10
84,3,1,3,7,3
84,4,2,18,16,2
84,5,17,12,14,12
84,6,8,13,14,8
84,7,7,2,1,1
84,8,11,3,13,3
84,9,7,2,13,2
84,10,13,15,5,15
84,11,11,12,1,1
84,12,4,3,8,4
84,13,15,8,18,15
84,14,18,5,12,5
84,15,8,18,2,2
84,16,3,11,6,3
84,17,3,10,9,3
84,18,14,16,7,16
84,19,6,2,3,3
84,20,12,8,14,8
84,21,2,15,4,2
84,22,6,3,14,3
84,23,15,10,13,15
84,24,11,12,2,2
84,25,11,13,7,11
84,26,16,11,10,10
84,27,4,7,1,1
84,28,18,15,9,15
84,29,8,18,13,8
84,30,15,17,3,3
84,31,1,4,14,4
84,32,8,12,16,8
84,33,4,6,9,4
84,34,12,2,9,2
84,35,10,14,11,10
84,36,12,5,1,1
84,37,10,16,13,10
84,38,3,15,17,15
84,39,5,4,9,4
84,40,6,17,10,10
84,41,18,9,11,11
84,42,18,10,6,6
84,43,1,4,8,1
84,44,2,8,5,2
84,45,4,9,3,3
84,46,11,9,14,11
84,47,16,13,9,13
84,48,7,1,10,1
84,49,14,11,17,11
84,50,18,5,15,15
85,1,14,5,17,17
85,2,17,14,10,17
85,3,1,3,7,1
85,4,2,18,16,16
85,5,17,12,14,14
85,6,8,13,14,14
85,7,7,2,1,2
85,8,11,3,13,3
85,9,7,2,13,13
85,10,13,15,5,15
85,11,11,12,1,1
85,12,4,3,8,3
85,13,15,8,18,8
85,14,18,5,12,18
85,15,8,18,2,8
85,16,3,11,6,3
85,17,3,10,9,10
85,18,14,16,7,14
85,19,6,2,3,3
85,20,12,8,14,8
85,21,2,15,4,15
85,22,6,3,14,14
85,23,15,10,13,15
85,24,11,12,2,2
85,25,11,13,7,7
85,26,16,11,10,16
85,27,4,7,1,1
85,28,18,15,9,15
85,29,8,18,13,13
85,30,15,17,3,15
85,31,1,4,14,1
85,32,8,12,16,8
85,33,4,6,9,4
85,34,12,2,9,9
85,35,10,14,11,14
85,36,12,5,1,1
85,37,10,16,13,16
85,38,3,15,17,15
85,39,5,4,9,4
85,40,6,17,10,10
85,41,18,9,11,18
85,42,18,10,6,10
85,43,1,4,8,8
85,44,2,8,5,8
85,45,4,9,3,4
85,46,11,9,14,14
85,47,16,13,9,13
85,48,7,1,10,10
85,49,14,11,17,14
85,50,18,5,15,15
86,1,14,5,17,14
86,2,17,14,10,14
86,3,1,3,7,3
86,4,2,18,16,2
86,5,17,12,14,14
86,6,8,13,14,14
86,7,7,2,1,1
86,8,11,3,13,3
86,9,7,2,13,2
86,10,13,15,5,15
86,11,11,12,1,1
86,12,4,3,8,3
86,13,15,8,18,15
86,14,18,5,12,5
86,15,8,18,2,2
86,16,3,11,6,3
86,17,3,10,9,10
86,18,14,16,7,14
86,19,6,2,3,2
86,20,12,8,14,14
86,21,2,15,4,15
86,22,6,3,14,3
86,23,15,10,13,15
86,24,11,12,2,12
86,25,11,13,7,7
86,26,16,11,10,16
86,27,4,7,1,1
86,28,18,15,9,15
86,29,8,18,13,8
86,30,15,17,3,3
86,31,1,4,14,14
86,32,8,12,16,12
86,33,4,6,9,4
86,34,12,2,9,2
86,35,10,14,11,14
86,36,12,5,1,1
86,37,10,16,13,10
86,38,3,15,17,15
86,39,5,4,9,5
86,40,6,17,10,10
86,41,18,9,11,18
86,42,18,10,6,10
86,43,1,4,8,4
86,44,2,8,5,5
86,45,4,9,3,3
86,46,11,9,14,14
86,47,16,13,9,13
86,48,7,1,10,7
86,49,14,11,17,14
86,50,18,5,15,5
87,1,14,5,17,17
87,2,17,14,10,10
87,3,1,3,7,7
87,4,2,18,16,2
87,5,17,12,14,12
87,6,8,13,14,8
87,7,7,2,1,7
87,8,11,3,13,3
87,9,7,2,13,7
87,10,13,15,5,15
87,11,11,12,1,12
87,12,4,3,8,4
87,13,15,8,18,15
87,14,18,5,12,12
87,15,8,18,2,18
87,16,3,11,6,11
87,17,3,10,9,10
87,18,14,16,7,7
87,19,6,2,3,3
87,20,12,8,14,14
87,21,2,15,4,2
87,22,6,3,14,3
87,23,15,10,13,13
87,24,11,12,2,11
87,25,11,13,7,7
87,26,16,11,10,11
87,27,4,7,1,7
87,28,18,15,9,18
87,29,8,18,13,13
87,30,15,17,3,17
87,31,1,4,14,14
87,32,8,12,16,12
87,33,4,6,9,9
87,34,12,2,9,12
87,35,10,14,11,10
87,36,12,5,1,5
87,37,10,16,13,10
87,38,3,15,17,3
87,39,5,4,9,5
87,40,6,17,10,10
87,41,18,9,11,11
87,42,18,10,6,10
87,43,1,4,8,4
87,44,2,8,5,8
87,45,4,9,3,3
87,46,11,9,14,11
87,47,16,13,9,9
87,48,7,1,10,7
87,49,14,11,17,14
87,50,18,5,15,18
88,1,14,5,17,5
88,2,17,14,10,10
88,3,1,3,7,7
88,4,2,18,16,18
88,5,17,12,14,17
88,6,8,13,14,8
88,7,7,2,1,1
88,8,11,3,13,11
88,9,7,2,13,7
88,10,13,15,5,15
88,11,11,12,1,1
88,12,4,3,8,8
88,13,15,8,18,8
88,14,18,5,12,5
88,15,8,18,2,18
88,16,3,11,6,3
88,17,3,10,9,9
88,18,14,16,7,16
88,19,6,2,3,3
88,20,12,8,14,12
88,21,2,15,4,15
88,22,6,3,14,3
88,23,15,10,13,15
88,24,11,12,2,2
88,25,11,13,7,11
88,26,16,11,10,10
88,27,4,7,1,4
88,28,18,15,9,9
88,29,8,18,13,18
88,30,15,17,3,15
88,31,1,4,14,1
88,32,8,12,16,8
88,33,4,6,9,9
88,34,12,2,9,9
88,35,10,14,11,10
88,36,12,5,1,5
88,37,10,16,13,16
88,38,3,15,17,3
88,39,5,4,9,9
88,40,6,17,10,10
88,41,18,9,11,9
88,42,18,10,6,10
88,43,1,4,8,8
88,44,2,8,5,8
88,45,4,9,3,9
88,46,11,9,14,9
88,47,16,13,9,9
88,48,7,1,10,10
88,49,14,11,17,17
88,50,18,5,15,5
89,1,14,5,17,5
89,2,17,14,10,10
89,3,1,3,7,7
89,4,2,18,16,2
89,5,17,12,14,17
89,6,8,13,14,13
89,7,7,2,1,2
89,8,11,3,13,11
89,9,7,2,13,2
89,10,13,15,5,5
89,11,11,12,1,11
89,12,4,3,8,3
89,13,15,8,18,8
89,14,18,5,12,5
89,15,8,18,2,2
89,16,3,11,6,11
89,17,3,10,9,3
89,18,14,16,7,7
89,19,6,2,3,2
89,20,12,8,14,8
89,21,2,15,4,4
89,22,6,3,14,3
89,23,15,10,13,13
89,24,11,12,2,2
89,25,11,13,7,7
89,26,16,11,10,11
89,27,4,7,1,7
89,28,18,15,9,9
89,29,8,18,13,8
89,30,15,17,3,3
89,31,1,4,14,4
89,32,8,12,16,8
89,33,4,6,9,6
89,34,12,2,9,2
89,35,10,14,11,11
89,36,12,5,1,1
89,37,10,16,13,10
89,38,3,15,17,3
89,39,5,4,9,4
89,40,6,17,10,6
89,41,18,9,11,9
89,42,18,10,6,6
89,43,1,4,8,8
89,44,2,8,5,5
89,45,4,9,3,3
89,46,11,9,14,11
89,47,16,13,9,9
89,48,7,1,10,7
89,49,14,11,17,11
89,50,18,5,15,5
90,1,14,5,17,14
90,2,17,14,10,14
90,3,1,3,7,3
90,4,2,18,16,2
90,5,17,12,14,14
90,6,8,13,14,8
90,7,7,2,1,1
90,8,11,3,13,3
90,9,7,2,13,2
90,10,13,15,5,15
90,11,11,12,1,1
90,12,4,3,8,8
90,13,15,8,18,8
90,14,18,5,12,18
90,15,8,18,2,18
90,16,3,11,6,3
90,17,3,10,9,10
90,18,14,16,7,14
90,19,6,2,3,2
90,20,12,8,14,8
90,21,2,15,4,2
90,22,6,3,14,6
90,23,15,10,13,10
90,24,11,12,2,2
90,25,11,13,7,7
90,26,16,11,10,10
90,27,4,7,1,1
90,28,18,15,9,9
90,29,8,18,13,8
90,30,15,17,3,17
90,31,1,4,14,14
90,32,8,12,16,8
90,33,4,6,9,9
90,34,12,2,9,2
90,35,10,14,11,10
90,36,12,5,1,1
90,37,10,16,13,10
90,38,3,15,17,17
90,39,5,4,9,4
90,40,6,17,10,10
90,41,18,9,11,9
90,42,18,10,6,10
90,43,1,4,8,8
90,44,2,8,5,8
90,45,4,9,3,9
90,46,11,9,14,9
90,47,16,13,9,9
90,48,7,1,10,10
90,49,14,11,17,14
90,50,18,5,15,18
91,1,14,5,17,14
91,2,17,14,10,17
91,3,1,3,7,1
91,4,2,18,16,2
91,5,17,12,14,14
91,6,8,13,14,14
91,7,7,2,1,1
91,8,11,3,13,11
91,9,7,2,13,2
91,10,13,15,5,15
91,11,11,12,1,11
91,12,4,3,8,4
91,13,15,8,18,8
91,14,18,5,12,12
91,15,8,18,2,2
91,16,3,11,6,11
91,17,3,10,9,10
91,18,14,16,7,14
91,19,6,2,3,2
91,20,12,8,14,14
91,21,2,15,4,2
91,22,6,3,14,14
91,23,15,10,13,15
91,24,11,12,2,11
91,25,11,13,7,11
91,26,16,11,10,16
91,27,4,7,1,1
91,28,18,15,9,9
91,29,8,18,13,8
91,30,15,17,3,15
91,31,1,4,14,1
91,32,8,12,16,16
91,33,4,6,9,4
91,34,12,2,9,9
91,35,10,14,11,11
91,36,12,5,1,1
91,37,10,16,13,16
91,38,3,15,17,15
91,39,5,4,9,4
91,40,6,17,10,17
91,41,18,9,11,11
91,42,18,10,6,10
91,43,1,4,8,4
91,44,2,8,5,2
91,45,4,9,3,4
91,46,11,9,14,11
91,47,16,13,9,16
91,48,7,1,10,1
91,49,14,11,17,11
91,50,18,5,15,15
92,1,14,5,17,17
92,2,17,14,10,14
92,3,1,3,7,1
92,4,2,18,16,2
92,5,17,12,14,14
92,6,8,13,14,14
92,7,7,2,1,2
92,8,11,3,13,11
92,9,7,2,13,2
92,10,13,15,5,15
92,11,11,12,1,11
92,12,4,3,8,3
92,13,15,8,18,15
92,14,18,5,12,12
92,15,8,18,2,2
92,16,3,11,6,11
92,17,3,10,9,9
92,18,14,16,7,14
92,19,6,2,3,2
92,20,12,8,14,14
92,21,2,15,4,15
92,22,6,3,14,3
92,23,15,10,13,15
92,24,11,12,2,2
92,25,11,13,7,11
92,26,16,11,10,16
92,27,4,7,1,7
92,28,18,15,9,15
92,29,8,18,13,8
92,30,15,17,3,15
92,31,1,4,14,14
92,32,8,12,16,16
92,33,4,6,9,9
92,34,12,2,9,2
92,35,10,14,11,11
92,36,12,5,1,5
92,37,10,16,13,13
92,38,3,15,17,15
92,39,5,4,9,9
92,40,6,17,10,10
92,41,18,9,11,11
92,42,18,10,6,10
92,43,1,4,8,1
92,44,2,8,5,2
92,45,4,9,3,9
92,46,11,9,14,11
92,47,16,13,9,9
92,48,7,1,10,1
92,49,14,11,17,14
92,50,18,5,15,15
93,1,14,5,17,14
93,2,17,14,10,14
93,3,1,3,7,1
93,4,2,18,16,2
93,5,17,12,14,14
93,6,8,13,14,14
93,7,7,2,1,1
93,8,11,3,13,11
93,9,7,2,13,2
93,10,13,15,5,15
93,11,11,12,1,11
93,12,4,3,8,4
93,13,15,8,18,15
93,14,18,5,12,5
93,15,8,18,2,2
93,16,3,11,6,11
93,17,3,10,9,9
93,18,14,16,7,16
93,19,6,2,3,2
93,20,12,8,14,14
93,21,2,15,4,15
93,22,6,3,14,14
93,23,15,10,13,15
93,24,11,12,2,2
93,25,11,13,7,11
93,26,16,11,10,11
93,27,4,7,1,1
93,28,18,15,9,15
93,29,8,18,13,8
93,30,15,17,3,15
93,31,1,4,14,1
93,32,8,12,16,16
93,33,4,6,9,4
93,34,12,2,9,2
93,35,10,14,11,11
93,36,12,5,1,1
93,37,10,16,13,16
93,38,3,15,17,15
93,39,5,4,9,4
93,40,6,17,10,10
93,41,18,9,11,11
93,42,18,10,6,10
93,43,1,4,8,1
93,44,2,8,5,2
93,45,4,9,3,4
93,46,11,9,14,14
93,47,16,13,9,16
93,48,7,1,10,1
93,49,14,11,17,11
93,50,18,5,15,15
94,1,14,5,17,5
94,2,17,14,10,10
94,3,1,3,7,3
94,4,2,18,16,2
94,5,17,12,14,17
94,6,8,13,14,8
94,7,7,2,1,2
94,8,11,3,13,3
94,9,7,2,13,2
94,10,13,15,5,15
94,11,11,12,1,12
94,12,4,3,8,3
94,13,15,8,18,8
94,14,18,5,12,18
94,15,8,18,2,2
94,16,3,11,6,3
94,17,3,10,9,3
94,18,14,16,7,16
94,19,6,2,3,3
94,20,12,8,14,8
94,21,2,15,4,4
94,22,6,3,14,6
94,23,15,10,13,10
94,24,11,12,2,2
94,25,11,13,7,11
94,26,16,11,10,10
94,27,4,7,1,4
94,28,18,15,9,15
94,29,8,18,13,13
94,30,15,17,3,3
94,31,1,4,14,4
94,32,8,12,16,16
94,33,4,6,9,9
94,34,12,2,9,9
94,35,10,14,11,10
94,36,12,5,1,1
94,37,10,16,13,16
94,38,3,15,17,3
94,39,5,4,9,4
94,40,6,17,10,10
94,41,18,9,11,9
94,42,18,10,6,10
94,43,1,4,8,4
94,44,2,8,5,2
94,45,4,9,3,3
94,46,11,9,14,11
94,47,16,13,9,9
94,48,7,1,10,1
94,49,14,11,17,11
94,50,18,5,15,15
95,1,14,5,17,14
95,2,17,14,10,14
95,3,1,3,7,3
95,4,2,18,16,2
95,5,17,12,14,14
95,6,8,13,14,14
95,7,7,2,1,1
95,8,11,3,13,3
95,9,7,2,13,2
95,10,13,15,5,15
95,11,11,12,1,1
95,12,4,3,8,3
95,13,15,8,18,8
95,14,18,5,12,5
95,15,8,18,2,2
95,16,3,11,6,3
95,17,3,10,9,10
95,18,14,16,7,14
95,19,6,2,3,2
95,20,12,8,14,14
95,21,2,15,4,4
95,22,6,3,14,14
95,23,15,10,13,15
95,24,11,12,2,2
95,25,11,13,7,11
95,26,16,11,10,10
95,27,4,7,1,1
95,28,18,15,9,15
95,29,8,18,13,8
95,30,15,17,3,3
95,31,1,4,14,14
95,32,8,12,16,8
95,33,4,6,9,4
95,34,12,2,9,2
95,35,10,14,11,14
95,36,12,5,1,1
95,37,10,16,13,10
95,38,3,15,17,15
95,39,5,4,9,4
95,40,6,17,10,10
95,41,18,9,11,9
95,42,18,10,6,10
95,43,1,4,8,4
95,44,2,8,5,2
95,45,4,9,3,4
95,46,11,9,14,14
95,47,16,13,9,16
95,48,7,1,10,10
95,49,14,11,17,14
95,50,18,5,15,15
96,1,14,5,17,5
96,2,17,14,10,10
96,3,1,3,7,3
96,4,2,18,16,16
96,5,17,12,14,12
96,6,8,13,14,8
96,7,7,2,1,2
96,8,11,3,13,3
96,9,7,2,13,7
96,10,13,15,5,15
96,11,11,12,1,12
96,12,4,3,8,3
96,13,15,8,18,15
96,14,18,5,12,12
96,15,8,18,2,8
96,16,3,11,6,3
96,17,3,10,9,3
96,18,14,16,7,7
96,19,6,2,3,6
96,20,12,8,14,14
96,21,2,15,4,2
96,22,6,3,14,3
96,23,15,10,13,13
96,24,11,12,2,2
96,25,11,13,7,11
96,26,16,11,10,16
96,27,4,7,1,7
96,28,18,15,9,9
96,29,8,18,13,8
96,30,15,17,3,3
96,31,1,4,14,1
96,32,8,12,16,16
96,33,4,6,9,6
96,34,12,2,9,12
96,35,10,14,11,11
96,36,12,5,1,12
96,37,10,16,13,13
96,38,3,15,17,15
96,39,5,4,9,4
96,40,6,17,10,17
96,41,18,9,11,9
96,42,18,10,6,6
96,43,1,4,8,4
96,44,2,8,5,5
96,45,4,9,3,3
96,46,11,9,14,14
96,47,16,13,9,13
96,48,7,1,10,7
96,49,14,11,17,14
96,50,18,5,15,5
97,1,14,5,17,5
97,2,17,14,10,10
97,3,1,3,7,3
97,4,2,18,16,2
97,5,17,12,14,14
97,6,8,13,14,8
97,7,7,2,1,2
97,8,11,3,13,3
97,9,7,2,13,2
97,10,13,15,5,15
97,11,11,12,1,11
97,12,4,3,8,4
97,13,15,8,18,15
97,14,18,5,12,5
97,15,8,18,2,8
97,16,3,11,6,3
97,17,3,10,9,10
97,18,14,16,7,14
97,19,6,2,3,2
97,20,12,8,14,14
97,21,2,15,4,4
97,22,6,3,14,14
97,23,15,10,13,10
97,24,11,12,2,2
97,25,11,13,7,13
97,26,16,11,10,10
97,27,4,7,1,4
97,28,18,15,9,15
97,29,8,18,13,8
97,30,15,17,3,15
97,31,1,4,14,4
97,32,8,12,16,8
97,33,4,6,9,4
97,34,12,2,9,2
97,35,10,14,11,10
97,36,12,5,1,1
97,37,10,16,13,10
97,38,3,15,17,15
97,39,5,4,9,4
97,40,6,17,10,10
97,41,18,9,11,18
97,42,18,10,6,10
97,43,1,4,8,4
97,44,2,8,5,8
97,45,4,9,3,4
97,46,11,9,14,14
97,47,16,13,9,13
97,48,7,1,10,10
97,49,14,11,17,14
97,50,18,5,15,15
98,1,14,5,17,14
98,2,17,14,10,17
98,3,1,3,7,1
98,4,2,18,16,2
98,5,17,12,14,17
98,6,8,13,14,8
98,7,7,2,1,2
98,8,11,3,13,11
98,9,7,2,13,2
98,10,13,15,5,15
98,11,11,12,1,11
98,12,4,3,8,4
98,13,15,8,18,15
98,14,18,5,12,12
98,15,8,18,2,8
98,16,3,11,6,11
98,17,3,10,9,10
98,18,14,16,7,16
98,19,6,2,3,2
98,20,12,8,14,8
98,21,2,15,4,2
98,22,6,3,14,3
98,23,15,10,13,15
98,24,11,12,2,2
98,25,11,13,7,11
98,26,16,11,10,11
98,27,4,7,1,4
98,28,18,15,9,15
98,29,8,18,13,8
98,30,15,17,3,15
98,31,1,4,14,1
98,32,8,12,16,8
98,33,4,6,9,4
98,34,12,2,9,2
98,35,10,14,11,11
98,36,12,5,1,1
98,37,10,16,13,13
98,38,3,15,17,15
98,39,5,4,9,9
98,40,6,17,10,17
98,41,18,9,11,11
98,42,18,10,6,6
98,43,1,4,8,4
98,44,2,8,5,2
98,45,4,9,3,4
98,46,11,9,14,11
98,47,16,13,9,9
98,48,7,1,10,1
98,49,14,11,17,11
98,50,18,5,15,15
99,1,14,5,17,14
99,2,17,14,10,17
99,3,1,3,7,1
99,4,2,18,16,2
99,5,17,12,14,14
99,6,8,13,14,8
99,7,7,2,1,2
99,8,11,3,13,11
99,9,7,2,13,2
99,10,13,15,5,15
99,11,11,12,1,1
99,12,4,3,8,4
99,13,15,8,18,15
99,14,18,5,12,12
99,15,8,18,2,2
99,16,3,11,6,6
99,17,3,10,9,10
99,18,14,16,7,14
99,19,6,2,3,2
99,20,12,8,14,14
99,21,2,15,4,15
99,22,6,3,14,14
99,23,15,10,13,15
99,24,11,12,2,2
99,25,11,13,7,7
99,26,16,11,10,10
99,27,4,7,1,1
99,28,18,15,9,15
99,29,8,18,13,18
99,30,15,17,3,15
99,31,1,4,14,4
99,32,8,12,16,12
99,33,4,6,9,4
99,34,12,2,9,2
99,35,10,14,11,14
99,36,12,5,1,1
99,37,10,16,13,10
99,38,3,15,17,15
99,39,5,4,9,4
99,40,6,17,10,6
99,41,18,9,11,11
99,42,18,10,6,6
99,43,1,4,8,4
99,44,2,8,5,2
99,45,4,9,3,4
99,46,11,9,14,14
99,47,16,13,9,9
99,48,7,1,10,1
99,49,14,11,17,14
99,50,18,5,15,15
100,1,14,5,17,17
100,2,17,14,10,10
100,3,1,3,7,1
100,4,2,18,16,2
100,5,17,12,14,17
100,6,8,13,14,13
100,7,7,2,1,2
100,8,11,3,13,11
100,9,7,2,13,2
100,10,13,15,5,13
100,11,11,12,1,11
100,12,4,3,8,4
100,13,15,8,18,8
100,14,18,5,12,18
100,15,8,18,2,2
100,16,3,11,6,11
100,17,3,10,9,9
100,18,14,16,7,16
100,19,6,2,3,2
100,20,12,8,14,8
100,21,2,15,4,4
100,22,6,3,14,6
100,23,15,10,13,13
100,24,11,12,2,2
100,25,11,13,7,11
100,26,16,11,10,11
100,27,4,7,1,1
100,28,18,15,9,9
100,29,8,18,13,13
100,30,15,17,3,15
100,31,1,4,14,4
100,32,8,12,16,16
100,33,4,6,9,4
100,34,12,2,9,2
100,35,10,14,11,11
100,36,12,5,1,1
100,37,10,16,13,10
100,38,3,15,17,17
100,39,5,4,9,9
100,40,6,17,10,17
100,41,18,9,11,11
100,42,18,10,6,6
100,43,1,4,8,1
100,44,2,8,5,2
100,45,4,9,3,9
100,46,11,9,14,9
100,47,16,13,9,9
100,48,7,1,10,1
100,49,14,11,17,11
100,50,18,5,15,18
